hari,Time,latency_ms,packet_loss_percent,bits_sent_mbps,bits_received_mbps,total_traffic_mbps,latency_z,packet_loss_z,total_traffic_z,cluster_raw,tingkat_gangguan
Senin,2026-07-06 09:12:00,1.0919999999999999,0.0,2.46,23.7,26.16,-0.3779471330732482,-0.12446097204675334,0.9959477317514662,0,Rendah
Senin,2026-07-06 09:15:00,1.1433333333333333,0.0,1.81,22.1,23.91,-0.3042159972470852,-0.12446097204675334,0.8220320572324611,0,Rendah
Senin,2026-07-06 09:18:00,1.163,0.0,1.82,15.5,17.32,-0.27596835430069805,-0.12446097204675334,0.3126523705301307,0,Rendah
Senin,2026-07-06 09:21:00,1.3133333333333332,0.0,1.34,15.1,16.44,-0.060041456524078565,-0.12446097204675334,0.2446320178293643,0,Rendah
Senin,2026-07-06 09:24:00,1.2186666666666666,0.0,0.778,8.95,9.728,-0.19601316155414505,-0.12446097204675334,-0.2741777632246634,0,Rendah
Senin,2026-07-06 09:27:00,1.4966666666666668,0.0,1.27,18.7,19.97,0.2032840285693604,-0.12446097204675334,0.5174863871858476,0,Rendah
Senin,2026-07-06 09:30:00,1.33,0.0,3.37,10.5,13.870000000000001,-0.036102776061038455,-0.12446097204675334,0.04598166960098958,0,Rendah
Senin,2026-07-06 09:33:00,1.3233333333333333,0.0,1.28,12.0,13.28,-0.045678248246254625,-0.12446097204675334,0.0003771149493392332,0,Rendah
Senin,2026-07-06 09:36:00,1.2533333333333332,0.0,1.16,12.3,13.46,-0.14622070619102218,-0.12446097204675334,0.014290368910859755,0,Rendah
Senin,2026-07-06 09:39:00,1.83,0.0,1.12,6.83,7.95,0.6820576378301577,-0.12446097204675334,-0.4116097940223483,0,Rendah
Senin,2026-07-06 09:42:00,1.3666666666666665,0.0,3.08,6.98,10.06,0.016562320957648886,-0.12446097204675334,-0.2485155392511924,0,Rendah
Senin,2026-07-06 09:45:00,1.3133333333333332,0.0,0.769,4.47,5.239,-0.060041456524078565,-0.12446097204675334,-0.6211588578539141,0,Rendah
Senin,2026-07-06 09:48:00,1.3399999999999999,0.0,0.666,3.78,4.446,-0.021739567783214838,-0.12446097204675334,-0.6824544711399456,0,Rendah
Senin,2026-07-06 09:51:00,1.25,0.0,0.956,5.88,6.836,-0.15100844228362995,-0.12446097204675334,-0.49771737687309126,0,Rendah
Senin,2026-07-06 09:54:00,2.0066666666666664,0.0,1.95,12.9,14.85,0.9358076507383799,-0.12446097204675334,0.12173160783593391,0,Rendah
Senin,2026-07-06 09:57:00,1.351,0.0,2.23,20.0,22.23,-0.005940038677608349,-0.12446097204675334,0.6921750202582706,0,Rendah
Senin,2026-07-06 10:00:00,1.4133333333333333,0.0,1.66,23.3,24.96,0.0835906262541608,-0.12446097204675334,0.9031927053413302,0,Rendah
Senin,2026-07-06 10:03:00,1.0866666666666667,0.0,1.88,28.4,30.279999999999998,-0.3856075108214207,-0.12446097204675334,1.3144066557595997,0,Rendah
Senin,2026-07-06 10:06:00,1.2033333333333334,0.0,1.95,27.8,29.75,-0.21803674758014155,-0.12446097204675334,1.2734398524284567,0,Rendah
Senin,2026-07-06 10:09:00,1.3233333333333333,0.0,3.98,8.47,12.450000000000001,-0.045678248246254625,-0.12446097204675334,-0.06377844498433807,0,Rendah
Senin,2026-07-06 10:12:00,1.5999999999999999,0.0,1.84,19.0,20.84,0.3517038474402072,-0.12446097204675334,0.5847337813331963,0,Rendah
Senin,2026-07-06 10:15:00,1.4466666666666665,0.0,1.37,19.6,20.970000000000002,0.1314679871802404,-0.12446097204675334,0.594782242527628,0,Rendah
Senin,2026-07-06 10:18:00,1.3733333333333333,0.0,1.62,21.0,22.62,0.026137793142865056,-0.12446097204675334,0.7223204038415649,0,Rendah
Senin,2026-07-06 10:21:00,1.4266666666666665,0.0,1.4,13.6,15.0,0.10274157062459251,-0.12446097204675334,0.13332598613720095,0,Rendah
Senin,2026-07-06 10:24:00,1.5333333333333332,0.0,1.48,11.0,12.48,0.2559491255880477,-0.12446097204675334,-0.061459569324084716,0,Rendah
Senin,2026-07-06 10:27:00,1.8233333333333335,0.0,0.698,8.43,9.128,0.6724821656449419,-0.12446097204675334,-0.3205552764297314,0,Rendah
Senin,2026-07-06 10:30:00,1.38,0.0,1.18,10.6,11.78,0.03571326532808091,-0.12446097204675334,-0.11556666806333082,0,Rendah
Senin,2026-07-06 10:33:00,1.26,0.0,0.995,7.21,8.205,-0.13664523400580603,-0.12446097204675334,-0.3918993509101944,0,Rendah
Senin,2026-07-06 10:36:00,1.36,0.0,0.448,3.35,3.798,0.006986848772433354,-0.12446097204675334,-0.732542185401419,0,Rendah
Senin,2026-07-06 10:39:00,1.4333333333333333,0.0,0.596,3.18,3.7760000000000002,0.11231704280980868,-0.12446097204675334,-0.7342426942189382,0,Rendah
Senin,2026-07-06 10:42:00,1.55,0.0,0.904,13.1,14.004,0.2798878060510878,-0.12446097204675334,0.056339314216788,0,Rendah
Senin,2026-07-06 10:45:00,1.1966666666666665,0.0,1.29,18.6,19.89,-0.22761221976535773,-0.12446097204675334,0.5113027187585054,0,Rendah
Senin,2026-07-06 10:48:00,1.2733333333333334,0.0,2.7,11.0,13.7,-0.11749428963537399,-0.12446097204675334,0.032841374192886845,0,Rendah
Senin,2026-07-06 10:51:00,1.2666666666666666,0.0,0.949,7.7,8.649000000000001,-0.12706976182059015,-0.12446097204675334,-0.357579991138444,0,Rendah
Senin,2026-07-06 10:54:00,1.2033333333333334,0.0,1.36,16.2,17.56,-0.21803674758014155,-0.12446097204675334,0.33120337581215775,0,Rendah
Senin,2026-07-06 10:57:00,1.2666666666666666,0.0,1.11,11.3,12.41,-0.12706976182059015,-0.12446097204675334,-0.06687027919800934,0,Rendah
Senin,2026-07-06 11:00:00,1.5466666666666666,0.0,1.91,21.9,23.81,0.27510006995847974,-0.12446097204675334,0.814302471698283,0,Rendah
Senin,2026-07-06 11:03:00,1.1266666666666667,0.0,1.65,19.8,21.45,-0.32815467771012496,-0.12446097204675334,0.6318842530916822,0,Rendah
Senin,2026-07-06 11:06:00,1.1666666666666667,0.0,2.0,26.5,28.5,-0.27070184459882923,-0.12446097204675334,1.1768200332512315,0,Rendah
Senin,2026-07-06 11:09:00,1.1733333333333333,0.0,1.54,17.1,18.64,-0.26112637241361336,-0.12446097204675334,0.41468289958128035,0,Rendah
Senin,2026-07-06 11:12:00,1.5066666666666666,0.0,1.05,7.78,8.83,0.217647236847184,-0.12446097204675334,-0.34358944132158187,0,Rendah
Senin,2026-07-06 11:15:00,1.2066666666666668,0.0,1.34,13.3,14.64,-0.21324901148753347,-0.12446097204675334,0.10549947821416018,0,Rendah
Senin,2026-07-06 11:18:00,1.6733333333333331,0.0,1.53,15.5,17.03,0.45703404147758253,-0.12446097204675334,0.29023657248101453,0,Rendah
Senin,2026-07-06 11:21:00,1.2533333333333332,0.0,1.59,13.1,14.69,-0.14622070619102218,-0.12446097204675334,0.1093642709812491,0,Rendah
Senin,2026-07-06 11:24:00,2.3166666666666664,0.0,2.71,26.7,29.41,1.3810671073509218,-0.12446097204675334,1.247159261612251,2,Sedang
Senin,2026-07-06 11:27:00,1.1466666666666667,0.0,1.54,15.6,17.14,-0.29942826115447707,-0.12446097204675334,0.2987391165686103,0,Rendah
Senin,2026-07-06 11:30:00,1.2,0.0,0.868,5.5,6.368,-0.22282448367274965,-0.12446097204675334,-0.5338918371730443,0,Rendah
Senin,2026-07-06 11:33:00,1.3033333333333335,0.0,0.59,3.23,3.82,-0.07440466480190218,-0.12446097204675334,-0.7308416765838999,0,Rendah
Senin,2026-07-06 11:36:00,1.3533333333333335,0.0,0.338,0.822,1.16,-0.002588623412782498,-0.12446097204675334,-0.9364486517930347,0,Rendah
Senin,2026-07-06 11:39:00,1.4100000000000001,0.0,0.994,2.21,3.2039999999999997,0.07880289016155304,-0.12446097204675334,-0.7784559234744365,0,Rendah
Senin,2026-07-06 11:42:00,1.1366666666666667,0.0,2.03,2.1,4.13,-0.313791469432301,-0.12446097204675334,-0.706879961427948,0,Rendah
Senin,2026-07-06 11:45:00,1.1966666666666665,0.0,0.263,0.674,0.937,-0.22761221976535773,-0.12446097204675334,-0.9536856275342518,0,Rendah
Senin,2026-07-06 11:48:00,1.3966666666666665,0.0,0.544,1.56,2.104,0.0596519457911207,-0.12446097204675334,-0.8634813643503944,0,Rendah
Senin,2026-07-06 11:51:00,1.4566666666666668,0.0,0.399,1.9,2.299,0.14583119545806464,-0.12446097204675334,-0.8484086725587473,0,Rendah
Senin,2026-07-06 11:54:00,1.1833333333333333,0.0,0.641,1.35,1.991,-0.24676316413578944,-0.12446097204675334,-0.8722157960040156,0,Rendah
Senin,2026-07-06 11:57:00,1.2300000000000002,0.0,0.415,1.95,2.3649999999999998,-0.1797348588392775,-0.12446097204675334,-0.8433071461061898,0,Rendah
Senin,2026-07-06 12:00:00,1.22,0.0,0.249,1.58,1.8290000000000002,-0.19409806711710176,-0.12446097204675334,-0.8847377245693839,0,Rendah
Senin,2026-07-06 12:03:00,1.2133333333333332,0.0,0.343,4.56,4.903,-0.20367353930231794,-0.12446097204675334,-0.6471302652487521,0,Rendah
Senin,2026-07-06 12:06:00,1.1286666666666667,0.0,0.581,4.36,4.941000000000001,-0.3252820360545602,-0.12446097204675334,-0.6441930227457644,0,Rendah
Senin,2026-07-06 12:09:00,1.29,0.0,0.5,1.64,2.1399999999999997,-0.0935556091723342,-0.12446097204675334,-0.8606987135580905,0,Rendah
Senin,2026-07-06 12:12:00,1.071,0.0,0.929,3.88,4.809,-0.4081098704566783,-0.12446097204675334,-0.6543960756508794,0,Rendah
Senin,2026-07-06 12:15:00,1.335,0.0,0.968,6.93,7.898,-0.02892117192212665,-0.12446097204675334,-0.41562917850012093,0,Rendah
Senin,2026-07-06 12:18:00,1.2033333333333334,0.0,0.675,3.99,4.665,-0.21803674758014155,-0.12446097204675334,-0.6655266788200956,0,Rendah
Senin,2026-07-06 12:21:00,1.5533333333333335,0.0,0.523,4.06,4.582999999999999,0.28467554214369595,-0.12446097204675334,-0.6718649389581217,0,Rendah
Senin,2026-07-06 12:24:00,1.1233333333333333,0.0,0.566,11.3,11.866000000000001,-0.33294241380273304,-0.12446097204675334,-0.10891922450393758,0,Rendah
Senin,2026-07-06 12:27:00,1.2866666666666666,0.0,0.75,13.6,14.35,-0.09834334526494229,-0.12446097204675334,0.0830836801650439,0,Rendah
Senin,2026-07-06 12:30:00,1.21,0.0,0.7,9.41,10.11,-0.2084612753949257,-0.12446097204675334,-0.24465074648410348,0,Rendah
Senin,2026-07-06 12:33:00,1.32,0.0,0.83,9.24,10.07,-0.050465984338862395,-0.12446097204675334,-0.2477425806977746,0,Rendah
Senin,2026-07-06 12:36:00,1.18,0.0,0.666,9.08,9.746,-0.2515509002283975,-0.12446097204675334,-0.27278643782851136,0,Rendah
Senin,2026-07-06 12:39:00,1.4533333333333331,0.0,0.4,3.45,3.85,0.14104345936545623,-0.12446097204675334,-0.7285228009236465,0,Rendah
Senin,2026-07-06 12:42:00,1.4166666666666667,0.0,0.28,1.09,1.37,0.0883783623467689,-0.12446097204675334,-0.920216522171261,0,Rendah
Senin,2026-07-06 12:45:00,1.3490000000000002,0.0,1.16,13.8,14.96,-0.008812680333172817,-0.12446097204675334,0.1302341519235298,0,Rendah
Senin,2026-07-06 12:48:00,1.4166666666666667,0.0,0.83,13.4,14.23,0.0883783623467689,-0.12446097204675334,0.07380817752403035,0,Rendah
Senin,2026-07-06 12:51:00,1.3633333333333333,0.0,2.7,10.7,13.399999999999999,0.01177458486504112,-0.12446097204675334,0.009652617590352778,0,Rendah
Senin,2026-07-06 12:54:00,1.1223333333333334,0.0,0.451,5.28,5.731,-0.33437873463051526,-0.12446097204675334,-0.5831292970257582,0,Rendah
Senin,2026-07-06 12:57:00,1.2366666666666666,0.0,0.59,6.42,7.01,-0.17015938665406197,-0.12446097204675334,-0.4842678980436216,0,Rendah
Senin,2026-07-06 13:00:00,3.3866666666666667,0.0,0.535,4.52,5.055,2.9179303930780818,-0.12446097204675334,-0.6353812952368015,2,Sedang
Senin,2026-07-06 13:03:00,1.21,0.0,0.539,4.59,5.129,-0.2084612753949257,-0.12446097204675334,-0.6296614019415099,0,Rendah
Senin,2026-07-06 13:06:00,1.181,0.0,0.49,5.65,6.140000000000001,-0.250114579400615,-0.12446097204675334,-0.5515152921909702,0,Rendah
Senin,2026-07-06 13:09:00,1.6600000000000001,0.0,0.362,4.43,4.792,0.4378830971071512,-0.12446097204675334,-0.6557101051916897,0,Rendah
Senin,2026-07-06 13:12:00,4.263333333333333,0.0,1.56,6.39,7.949999999999999,4.177104985433979,-0.12446097204675334,-0.4116097940223484,2,Sedang
Senin,2026-07-06 13:15:00,1.1533333333333333,0.0,1.31,7.27,8.58,-0.28985278896926125,-0.12446097204675334,-0.3629134051570269,0,Rendah
Senin,2026-07-06 13:18:00,1.26,0.0,0.595,8.15,8.745000000000001,-0.13664523400580603,-0.12446097204675334,-0.3501595890256331,0,Rendah
Senin,2026-07-06 13:21:00,1.4400000000000002,0.0,0.769,8.15,8.919,0.12189251499502485,-0.12446097204675334,-0.3367101101961634,0,Rendah
Senin,2026-07-06 13:24:00,1.1786666666666668,0.0,0.619,8.43,9.049,-0.2534659946654405,-0.12446097204675334,-0.3266616490017321,0,Rendah
Senin,2026-07-06 13:27:00,1.4333333333333333,0.0,0.856,11.5,12.356,0.11231704280980868,-0.12446097204675334,-0.07104425538646549,0,Rendah
Senin,2026-07-06 13:30:00,1.4466666666666665,0.0,0.743,8.31,9.053,0.1314679871802404,-0.12446097204675334,-0.32635246558036485,0,Rendah
Senin,2026-07-06 13:33:00,1.2,0.0,0.663,9.04,9.703,-0.22282448367274965,-0.12446097204675334,-0.27611015960820795,0,Rendah
Senin,2026-07-06 13:36:00,1.22,0.0,0.845,9.43,10.275,-0.19409806711710176,-0.12446097204675334,-0.2318969303527097,0,Rendah
Senin,2026-07-06 13:39:00,1.5433333333333332,0.0,0.675,10.6,11.275,0.27031233386587167,-0.12446097204675334,-0.15460107501092968,0,Rendah
Senin,2026-07-06 13:42:00,1.2866666666666666,0.0,0.504,5.91,6.414,-0.09834334526494229,-0.12446097204675334,-0.5303362278273225,0,Rendah
Senin,2026-07-06 13:45:00,1.21,0.0,0.531,4.61,5.141,-0.2084612753949257,-0.12446097204675334,-0.6287338516774085,0,Rendah
Senin,2026-07-06 13:48:00,1.0923333333333334,0.0,0.389,2.91,3.2990000000000004,-0.3774683594639871,-0.12446097204675334,-0.7711128172169672,0,Rendah
Senin,2026-07-06 13:51:00,1.4333333333333333,0.0,0.321,2.06,2.3810000000000002,0.11231704280980868,-0.12446097204675334,-0.8420704124207213,0,Rendah
Senin,2026-07-06 13:54:00,1.4333333333333333,0.0,0.197,1.21,1.407,0.11231704280980868,-0.12446097204675334,-0.9173565755236152,0,Rendah
Senin,2026-07-06 13:57:00,1.4033333333333333,0.0,0.227,1.59,1.8170000000000002,0.06922741797633687,-0.12446097204675334,-0.8856652748334852,0,Rendah
Senin,2026-07-06 14:00:00,1.22,0.0,0.424,2.65,3.074,-0.19409806711710176,-0.12446097204675334,-0.7885043846688677,0,Rendah
Senin,2026-07-06 14:03:00,1.3866666666666667,0.0,0.244,2.85,3.0940000000000003,0.04528873751329708,-0.12446097204675334,-0.7869584675620322,0,Rendah
Senin,2026-07-06 14:06:00,1.5766666666666664,0.0,0.37,2.92,3.29,0.31818969479195125,-0.12446097204675334,-0.7718084799150432,0,Rendah
Senin,2026-07-06 14:09:00,1.4100000000000001,0.0,0.391,3.15,3.541,0.07880289016155304,-0.12446097204675334,-0.7524072202242564,0,Rendah
Senin,2026-07-06 14:12:00,1.3733333333333333,0.0,0.451,6.16,6.611,0.026137793142865056,-0.12446097204675334,-0.5151089443249918,0,Rendah
Senin,2026-07-06 14:15:00,1.4799999999999998,0.0,0.171,1.44,1.611,0.17934534810631997,-0.12446097204675334,-0.9015882210338919,0,Rendah
Senin,2026-07-06 14:18:00,1.2996666666666667,0.0,0.248,2.2,2.4480000000000004,-0.07967117450377101,-0.12446097204675334,-0.8368915901128221,0,Rendah
Senin,2026-07-06 14:21:00,1.3366666666666667,0.0,0.273,0.98,1.2530000000000001,-0.026527303875822607,-0.12446097204675334,-0.9292601372462492,0,Rendah
Senin,2026-07-06 14:24:00,1.4000000000000001,0.0,0.347,2.73,3.077,0.0644396818837291,-0.12446097204675334,-0.7882724971028424,0,Rendah
Senin,2026-07-06 14:27:00,1.2066666666666668,0.0,5.75,1.18,6.93,-0.21324901148753347,-0.12446097204675334,-0.490451566470964,0,Rendah
Senin,2026-07-06 14:30:00,1.5866666666666667,0.0,3.69,0.729,4.419,0.33255290306977553,-0.12446097204675334,-0.6845414592341738,0,Rendah
Senin,2026-07-06 14:33:00,1.4333333333333333,0.0,0.698,0.515,1.213,0.11231704280980868,-0.12446097204675334,-0.9323519714599205,0,Rendah
Senin,2026-07-06 14:36:00,1.3633333333333333,0.0,0.34,2.73,3.07,0.01177458486504112,-0.12446097204675334,-0.7888135680902348,0,Rendah
Senin,2026-07-06 14:39:00,1.1966666666666665,0.0,0.366,1.67,2.036,-0.22761221976535773,-0.12446097204675334,-0.8687374825136355,0,Rendah
Senin,2026-07-06 14:42:00,1.1536666666666666,0.0,1.05,7.68,8.73,-0.2893740153600005,-0.12446097204675334,-0.35131902685575983,0,Rendah
Senin,2026-07-06 14:45:00,6.866666666666666,0.0,0.57,4.29,4.86,7.9163268737608075,-0.12446097204675334,-0.6504539870284486,2,Sedang
Senin,2026-07-06 14:48:00,1.4333333333333333,0.0,0.335,3.36,3.695,0.11231704280980868,-0.12446097204675334,-0.7405036585016224,0,Rendah
Senin,2026-07-06 14:51:00,1.36,0.0,0.234,1.37,1.604,0.006986848772433354,-0.12446097204675334,-0.9021292920212843,0,Rendah
Senin,2026-07-06 14:54:00,1.5190000000000001,0.0,0.386,1.71,2.096,0.2353618603898338,-0.12446097204675334,-0.8640997311931287,0,Rendah
Senin,2026-07-06 14:57:00,1.3466666666666667,0.0,2.13,1.59,3.7199999999999998,-0.01216409559799867,-0.12446097204675334,-0.7385712621180778,0,Rendah
Senin,2026-07-06 15:00:00,1.1066666666666667,0.0,1.86,2.35,4.21,-0.35688109426577286,-0.12446097204675334,-0.7006962930006058,0,Rendah
Senin,2026-07-06 15:03:00,1.3566666666666667,0.0,0.614,7.06,7.6739999999999995,0.0021991126798252686,-0.12446097204675334,-0.43294345009667967,0,Rendah
Senin,2026-07-06 15:06:00,1.1733333333333333,0.0,0.461,4.93,5.391,-0.26112637241361336,-0.12446097204675334,-0.6094098878419635,0,Rendah
Senin,2026-07-06 15:09:00,1.2633333333333334,0.0,0.282,2.22,2.5020000000000002,-0.13185749791319792,-0.12446097204675334,-0.8327176139243659,0,Rendah
Senin,2026-07-06 15:12:00,1.1633333333333333,0.0,0.386,4.22,4.606,-0.2754895806914373,-0.12446097204675334,-0.6700871342852608,0,Rendah
Senin,2026-07-06 15:15:00,1.8566666666666667,0.0,0.339,3.58,3.919,0.7203595265710215,-0.12446097204675334,-0.7231893869050636,0,Rendah
Senin,2026-07-06 15:18:00,0.7949999999999999,0.0,0.331,3.26,3.5909999999999997,-0.8045344189246186,-0.12446097204675334,-0.7485424274571676,0,Rendah
Senin,2026-07-06 15:21:00,0.781,0.0,1.09,5.6,6.6899999999999995,-0.824642910513572,-0.12446097204675334,-0.5090025717529912,0,Rendah
Senin,2026-07-06 15:24:00,0.9153333333333333,0.0,1.14,5.04,6.18,-0.6316971459814706,-0.12446097204675334,-0.548423457977299,0,Rendah
Senin,2026-07-06 15:27:00,0.7253333333333334,0.0,0.689,7.11,7.799,-0.9045981032601251,-0.12446097204675334,-0.42328146817895707,0,Rendah
Senin,2026-07-06 15:30:00,0.7633333333333333,0.0,0.392,1.32,1.7120000000000002,-0.8500179118043943,-0.12446097204675334,-0.8937813396443722,0,Rendah
Senin,2026-07-06 15:33:00,1.0063333333333333,0.0,0.719,1.84,2.559,-0.500991950653273,-0.12446097204675334,-0.8283117501698846,0,Rendah
Senin,2026-07-06 15:36:00,0.9863333333333334,0.0,0.411,3.81,4.221,-0.5297183672089206,-0.12446097204675334,-0.699846038591846,0,Rendah
Senin,2026-07-06 15:39:00,0.9906666666666667,0.0,0.305,3.12,3.4250000000000003,-0.5234943102885303,-0.12446097204675334,-0.761373539443903,0,Rendah
Senin,2026-07-06 15:42:00,0.7479999999999999,0.0,0.348,4.9,5.248,-0.8720414978303911,-0.12446097204675334,-0.620463195155838,0,Rendah
Senin,2026-07-06 15:45:00,0.8610000000000001,0.0,0.442,5.22,5.662,-0.7097372442909805,-0.12446097204675334,-0.588462711044341,0,Rendah
Senin,2026-07-06 15:48:00,1.365,0.0,0.557,6.02,6.577,0.014168452911345164,-0.12446097204675334,-0.5177370034066123,0,Rendah
Senin,2026-07-06 15:51:00,0.6563333333333333,0.0,0.814,11.0,11.814,-1.0037042403771104,-0.12446097204675334,-0.11293860898171025,0,Rendah
Senin,2026-07-06 15:54:00,0.9876666666666667,0.0,0.748,7.43,8.177999999999999,-0.5278032727718776,-0.12446097204675334,-0.39398633900442254,0,Rendah
Senin,2026-07-06 15:57:00,1.1233333333333333,0.0,0.868,10.5,11.368,-0.33294241380273304,-0.12446097204675334,-0.14741256046414414,0,Rendah
Selasa,2026-07-07 08:30:00,1.3166666666666667,0.0,0.23,3.22,3.45,-0.055253720431470484,-0.12446097204675334,-0.7594411430603584,0,Rendah
Selasa,2026-07-07 08:33:00,1.5533333333333335,0.0,0.533,6.07,6.603000000000001,0.28467554214369595,-0.12446097204675334,-0.515727311167726,0,Rendah
Selasa,2026-07-07 08:36:00,1.13,0.0,0.208,1.86,2.068,-0.3233669416175172,-0.12446097204675334,-0.8662640151426986,0,Rendah
Selasa,2026-07-07 08:39:00,1.091,0.0,0.125,0.839,0.964,-0.3793834539010304,-0.12446097204675334,-0.9515986394400237,0,Rendah
Selasa,2026-07-07 08:42:00,1.2553333333333334,0.0,0.214,1.15,1.3639999999999999,-0.1433480645354571,-0.12446097204675334,-0.9206802973033117,0,Rendah
Selasa,2026-07-07 08:45:00,1.3446666666666667,0.0,0.316,3.24,3.556,-0.015036737253563456,-0.12446097204675334,-0.7512477823941299,0,Rendah
Selasa,2026-07-07 08:48:00,1.3966666666666667,0.0,0.565,6.69,7.255000000000001,0.05965194579112102,-0.12446097204675334,-0.4653304134848854,0,Rendah
Selasa,2026-07-07 08:51:00,1.2066666666666668,0.0,0.421,4.12,4.541,-0.21324901148753347,-0.12446097204675334,-0.6751113648824765,0,Rendah
Selasa,2026-07-07 08:54:00,1.3533333333333335,0.0,0.844,9.44,10.283999999999999,-0.002588623412782498,-0.12446097204675334,-0.2312012676546338,0,Rendah
Selasa,2026-07-07 08:57:00,1.5,0.0,3.38,4.48,7.86,0.20807176466196817,-0.12446097204675334,-0.4185664210031085,0,Rendah
Selasa,2026-07-07 09:00:00,4.84,0.0,0.414,3.25,3.664,5.005383329455158,-0.12446097204675334,-0.7428998300172176,2,Sedang
Selasa,2026-07-07 09:03:00,1.4266666666666667,0.0,0.364,8.4,8.764000000000001,0.10274157062459283,-0.12446097204675334,-0.34869096777413927,0,Rendah
Selasa,2026-07-07 09:06:00,1.343333333333333,0.0,0.874,13.6,14.474,-0.016951831690607072,-0.12446097204675334,0.09266836622742466,0,Rendah
Selasa,2026-07-07 09:09:00,1.4166666666666667,0.0,0.611,6.13,6.741,0.0883783623467689,-0.12446097204675334,-0.5050604831305604,0,Rendah
Selasa,2026-07-07 09:12:00,1.9633333333333332,0.0,0.824,6.66,7.484,0.8735670815344764,-0.12446097204675334,-0.4476296626116178,0,Rendah
Selasa,2026-07-07 09:15:00,1.26,0.0,1.32,14.6,15.92,-0.13664523400580603,-0.12446097204675334,0.20443817305163858,0,Rendah
Selasa,2026-07-07 09:18:00,1.4333333333333333,0.0,1.33,11.9,13.23,0.11231704280980868,-0.12446097204675334,-0.0034876778177496863,0,Rendah
Selasa,2026-07-07 09:21:00,1.1199999999999999,0.0,0.874,6.38,7.254,-0.3377301498953411,-0.12446097204675334,-0.46540770934022724,0,Rendah
Selasa,2026-07-07 09:24:00,1.3266666666666667,0.0,0.609,4.04,4.649,-0.040890512153646544,-0.12446097204675334,-0.6667634125055643,0,Rendah
Selasa,2026-07-07 09:27:00,1.0696666666666668,0.0,0.869,4.51,5.379,-0.41002496489372126,-0.12446097204675334,-0.6103374381060648,0,Rendah
Selasa,2026-07-07 09:30:00,1.31,0.0,1.27,11.4,12.67,-0.06482919261668633,-0.12446097204675334,-0.046773356809146543,0,Rendah
Selasa,2026-07-07 09:33:00,1.1833333333333333,0.0,2.69,6.56,9.25,-0.24676316413578944,-0.12446097204675334,-0.31112518207803425,0,Rendah
Selasa,2026-07-07 09:36:00,1.3166666666666667,0.0,1.8,29.3,31.1,-0.055253720431470484,-0.12446097204675334,1.3777892571398598,0,Rendah
Selasa,2026-07-07 09:39:00,1.21,0.0,1.71,24.3,26.01,-0.2084612753949257,-0.12446097204675334,0.9843533534501993,0,Rendah
Selasa,2026-07-07 09:42:00,1.2856666666666667,0.0,1.49,23.4,24.889999999999997,-0.09977966609272453,-0.12446097204675334,0.8977819954674053,0,Rendah
Selasa,2026-07-07 09:45:00,1.26,0.0,2.37,19.3,21.67,-0.13664523400580603,-0.12446097204675334,0.6488893412668739,0,Rendah
Selasa,2026-07-07 09:48:00,1.3403333333333334,0.0,2.54,22.4,24.939999999999998,-0.021260794173953775,-0.12446097204675334,0.9016467882344944,0,Rendah
Selasa,2026-07-07 09:51:00,1.5200000000000002,0.0,1.66,25.5,27.16,0.23679818121761634,-0.12446097204675334,1.0732435870932462,0,Rendah
Selasa,2026-07-07 09:54:00,1.0723333333333334,0.0,1.17,12.5,13.67,-0.406194776019635,-0.12446097204675334,0.03052249853263349,0,Rendah
Selasa,2026-07-07 09:57:00,1.1900000000000002,0.0,1.15,5.59,6.74,-0.23718769195057327,-0.12446097204675334,-0.5051377789859022,0,Rendah
Selasa,2026-07-07 10:00:00,1.3153333333333332,0.0,3.36,4.96,8.32,-0.05716881486851378,-0.12446097204675334,-0.3830103275458897,0,Rendah
Selasa,2026-07-07 10:03:00,1.4766666666666666,0.0,8.62,2.23,10.85,0.1745576120137122,-0.12446097204675334,-0.18745181353118623,0,Rendah
Selasa,2026-07-07 10:06:00,1.2566666666666666,0.0,7.62,5.11,12.73,-0.1414329700984141,-0.12446097204675334,-0.042135605488639705,0,Rendah
Selasa,2026-07-07 10:09:00,1.3166666666666667,0.0,1.21,11.0,12.21,-0.055253720431470484,-0.12446097204675334,-0.08232945026636529,0,Rendah
Selasa,2026-07-07 10:12:00,1.4333333333333333,0.0,1.44,15.5,16.94,0.11231704280980868,-0.12446097204675334,0.2832799455002543,0,Rendah
Selasa,2026-07-07 10:15:00,1.16,0.0,2.15,11.8,13.950000000000001,-0.2802773167840454,-0.12446097204675334,0.05216533802833199,0,Rendah
Selasa,2026-07-07 10:18:00,1.2733333333333334,0.0,1.36,8.7,10.059999999999999,-0.11749428963537399,-0.12446097204675334,-0.24851553925119255,0,Rendah
Selasa,2026-07-07 10:21:00,1.39,0.0,0.844,2.59,3.4339999999999997,0.050076473605904843,-0.12446097204675334,-0.760677876745827,0,Rendah
Selasa,2026-07-07 10:24:00,1.1833333333333333,0.0,1.33,5.63,6.96,-0.24676316413578944,-0.12446097204675334,-0.48813269081071053,0,Rendah
Selasa,2026-07-07 10:27:00,1.72,0.0,1.9,9.67,11.57,0.5240623467740945,-0.12446097204675334,-0.13179879768510455,0,Rendah
Selasa,2026-07-07 10:30:00,1.3033333333333335,0.0,1.0,4.24,5.24,-0.07440466480190218,-0.12446097204675334,-0.6210815619985722,0,Rendah
Selasa,2026-07-07 10:33:00,1.2733333333333332,0.0,1.16,7.47,8.629999999999999,-0.11749428963537431,-0.12446097204675334,-0.35904861238993796,0,Rendah
Selasa,2026-07-07 10:36:00,1.55,0.0,1.09,7.22,8.31,0.2798878060510878,-0.12446097204675334,-0.38378328609930745,0,Rendah
Selasa,2026-07-07 10:39:00,1.1866666666666668,0.0,1.65,12.5,14.15,-0.24197542804318134,-0.12446097204675334,0.06762450909668795,0,Rendah
Selasa,2026-07-07 10:42:00,1.2266666666666666,0.0,1.35,8.34,9.69,-0.1845225949318859,-0.12446097204675334,-0.2771150057276511,0,Rendah
Selasa,2026-07-07 10:45:00,1.633333333333333,0.0,1.65,18.4,20.049999999999997,0.3995812083662868,-0.12446097204675334,0.5236700556131899,0,Rendah
Selasa,2026-07-07 10:48:00,1.5733333333333333,0.0,1.46,12.8,14.260000000000002,0.3134019586993435,-0.12446097204675334,0.07612705318428384,0,Rendah
Selasa,2026-07-07 10:51:00,0.9626666666666667,0.0,1.37,7.27,8.64,-0.5637112934664373,-0.12446097204675334,-0.35827565383652005,0,Rendah
Selasa,2026-07-07 10:54:00,1.04,0.0,1.21,6.99,8.2,-0.4526358161179323,-0.12446097204675334,-0.3922858301869034,0,Rendah
Selasa,2026-07-07 10:57:00,1.21,0.0,9.48,10.9,20.380000000000003,-0.2084612753949257,-0.12446097204675334,0.5491776878759778,0,Rendah
Selasa,2026-07-07 11:00:00,1.3496666666666666,0.0,10.9,11.6,22.5,-0.007855133114651646,-0.12446097204675334,0.7130449012005512,0,Rendah
Selasa,2026-07-07 11:03:00,1.1196666666666666,0.0,5.85,6.15,12.0,-0.3382089235046019,-0.12446097204675334,-0.09856157988813917,0,Rendah
Selasa,2026-07-07 11:06:00,0.9396666666666667,0.0,1.06,8.73,9.790000000000001,-0.5967466725054325,-0.12446097204675334,-0.269385420193473,0,Rendah
Selasa,2026-07-07 11:09:00,1.53,0.0,0.936,8.84,9.776,0.25116138949544,-0.12446097204675334,-0.27046756216825796,0,Rendah
Selasa,2026-07-07 11:12:00,1.014,0.0,0.81,10.4,11.21,-0.4899801576402746,-0.12446097204675334,-0.15962530560814533,0,Rendah
Selasa,2026-07-07 11:15:00,1.2853333333333332,0.0,1.13,4.7,5.83,-0.10025843970198559,-0.12446097204675334,-0.575477007346922,0,Rendah
Selasa,2026-07-07 11:18:00,1.1443333333333332,0.0,1.72,13.2,14.92,-0.3027796764193029,-0.12446097204675334,0.12714231770985854,0,Rendah
Selasa,2026-07-07 11:21:00,1.25,0.0,4.79,16.9,21.689999999999998,-0.15100844228362995,-0.12446097204675334,0.6504352583737092,0,Rendah
Selasa,2026-07-07 11:24:00,1.1733333333333333,0.0,3.19,19.5,22.69,-0.26112637241361336,-0.12446097204675334,0.7277311137154895,0,Rendah
Selasa,2026-07-07 11:27:00,1.2,0.0,3.4,19.5,22.9,-0.22282448367274965,-0.12446097204675334,0.7439632433372632,0,Rendah
Selasa,2026-07-07 11:30:00,1.32,0.0,2.05,16.8,18.85,-0.050465984338862395,-0.12446097204675334,0.4309150292030542,0,Rendah
Selasa,2026-07-07 11:33:00,1.6633333333333333,0.0,0.707,7.93,8.637,0.4426708331997589,-0.12446097204675334,-0.35850754140254537,0,Rendah
Selasa,2026-07-07 11:36:00,1.5216666666666665,0.0,0.933,9.16,10.093,0.23919204926391976,-0.12446097204675334,-0.2459647760249137,0,Rendah
Selasa,2026-07-07 11:39:00,1.4400000000000002,0.0,0.787,10.4,11.187000000000001,0.12189251499502485,-0.12446097204675334,-0.16140311028100623,0,Rendah
Selasa,2026-07-07 11:42:00,1.1586666666666667,0.0,0.874,10.6,11.474,-0.28219241122108835,-0.12446097204675334,-0.13921919979791544,0,Rendah
Selasa,2026-07-07 11:45:00,1.4266666666666667,0.0,0.364,4.65,5.014,0.10274157062459283,-0.12446097204675334,-0.6385504253058144,0,Rendah
Selasa,2026-07-07 11:48:00,1.3633333333333333,0.0,0.377,5.35,5.726999999999999,0.01177458486504112,-0.12446097204675334,-0.5834384804471254,0,Rendah
Selasa,2026-07-07 11:51:00,1.37,0.0,0.496,5.38,5.8759999999999994,0.02135005705025729,-0.12446097204675334,-0.5719213980012001,0,Rendah
Selasa,2026-07-07 11:54:00,1.105,0.0,0.588,5.02,5.608,-0.3592749623120769,-0.12446097204675334,-0.5926366872327972,0,Rendah
Selasa,2026-07-07 11:57:00,1.3333333333333333,0.0,0.47,3.57,4.04,-0.03131503996843069,-0.12446097204675334,-0.7138365884087082,0,Rendah
Selasa,2026-07-07 12:00:00,1.2066666666666668,0.0,0.508,4.07,4.578,-0.21324901148753347,-0.12446097204675334,-0.6722514182348305,0,Rendah
Selasa,2026-07-07 12:03:00,1.2466666666666668,0.0,2.72,3.09,5.8100000000000005,-0.15579617837623772,-0.12446097204675334,-0.5770229244537576,0,Rendah
Selasa,2026-07-07 12:06:00,1.4433333333333334,0.0,1.8,1.87,3.67,0.12668025108763262,-0.12446097204675334,-0.7424360548851668,0,Rendah
Selasa,2026-07-07 12:09:00,1.5666666666666667,0.0,0.258,1.56,1.818,0.30382648651412764,-0.12446097204675334,-0.8855879789781436,0,Rendah
Selasa,2026-07-07 12:12:00,1.47,0.0,0.449,3.07,3.5189999999999997,0.16498213982849635,-0.12446097204675334,-0.7541077290417757,0,Rendah
Selasa,2026-07-07 12:15:00,1.3499999999999999,0.0,0.687,8.57,9.257,-0.007376359505390902,-0.12446097204675334,-0.3105841110906418,0,Rendah
Selasa,2026-07-07 12:18:00,1.8366666666666667,0.0,1.28,17.2,18.48,0.6916331100153736,-0.12446097204675334,0.4023155627265955,0,Rendah
Selasa,2026-07-07 12:21:00,1.0410000000000001,0.0,0.952,11.4,12.352,-0.45119949529014974,-0.12446097204675334,-0.07135343880783257,0,Rendah
Selasa,2026-07-07 12:24:00,1.6166666666666665,0.0,0.955,9.35,10.305,0.375642527903247,-0.12446097204675334,-0.22957805469245635,0,Rendah
Selasa,2026-07-07 12:27:00,1.47,0.0,0.406,4.06,4.465999999999999,0.16498213982849635,-0.12446097204675334,-0.68090855403311,0,Rendah
Selasa,2026-07-07 12:30:00,1.292,0.0,0.688,3.13,3.8179999999999996,-0.09068296751676942,-0.12446097204675334,-0.7309962682945834,0,Rendah
Selasa,2026-07-07 12:33:00,2.9066666666666663,0.0,0.551,4.96,5.511,2.2284963957425328,-0.12446097204675334,-0.6001343852009499,0,Rendah
Selasa,2026-07-07 12:36:00,1.2766666666666666,0.0,0.478,3.67,4.148,-0.11270655354276624,-0.12446097204675334,-0.705488636031796,0,Rendah
Selasa,2026-07-07 12:39:00,1.1766666666666667,0.0,1.13,5.33,6.46,-0.2563386363210053,-0.12446097204675334,-0.5267806184816006,0,Rendah
Selasa,2026-07-07 12:42:00,1.3566666666666667,0.0,1.17,11.0,12.17,0.0021991126798252686,-0.12446097204675334,-0.08542128448003657,0,Rendah
Selasa,2026-07-07 12:45:00,1.1333333333333335,0.0,1.5,18.5,20.0,-0.3185792055249088,-0.12446097204675334,0.5198052628461012,0,Rendah
Selasa,2026-07-07 12:48:00,1.5633333333333332,0.0,1.44,26.9,28.34,0.29903875042151956,-0.12446097204675334,1.1644526963965467,2,Sedang
Selasa,2026-07-07 12:51:00,1.6166666666666665,0.0,0.746,21.6,22.346,0.375642527903247,-0.12446097204675334,0.7011413394779171,0,Rendah
Selasa,2026-07-07 12:54:00,1.5066666666666666,0.0,0.793,16.3,17.093,0.217647236847184,-0.12446097204675334,0.29510621136754656,0,Rendah
Selasa,2026-07-07 12:57:00,1.29,0.0,0.638,6.24,6.878,-0.0935556091723342,-0.12446097204675334,-0.4944709509487365,0,Rendah
Selasa,2026-07-07 13:00:00,1.3366666666666667,0.0,0.89,2.81,3.7,-0.026527303875822607,-0.12446097204675334,-0.7401171792249134,0,Rendah
Selasa,2026-07-07 13:03:00,1.3099999999999998,0.0,1.18,5.41,6.59,-0.06482919261668665,-0.12446097204675334,-0.5167321572871691,0,Rendah
Selasa,2026-07-07 13:06:00,1.74,0.0,1.47,2.54,4.01,0.5527887633297424,-0.12446097204675334,-0.7161554640689617,0,Rendah
Selasa,2026-07-07 13:09:00,1.5933333333333335,0.0,2.0,0.738,2.738,0.3421283752549917,-0.12446097204675334,-0.8144757920637059,0,Rendah
Selasa,2026-07-07 13:12:00,1.4233333333333336,0.0,2.54,8.02,10.559999999999999,0.09795383453198506,-0.12446097204675334,-0.2098676115803025,0,Rendah
Selasa,2026-07-07 13:15:00,1.22,0.0,1.62,0.513,2.133,-0.19409806711710176,-0.12446097204675334,-0.8612397845454828,0,Rendah
Selasa,2026-07-07 13:18:00,1.344,0.0,2.09,0.444,2.534,-0.015994284472084945,-0.12446097204675334,-0.8302441465534289,0,Rendah
Selasa,2026-07-07 13:21:00,1.3766666666666667,0.0,3.28,3.01,6.289999999999999,0.030925529235473145,-0.12446097204675334,-0.5399209138897032,0,Rendah
Selasa,2026-07-07 13:24:00,1.0756666666666668,0.0,2.54,1.23,3.77,-0.40140703992702687,-0.12446097204675334,-0.7347064693509889,0,Rendah
Selasa,2026-07-07 13:27:00,1.23,0.0,2.39,1.13,3.52,-0.17973485883927784,-0.12446097204675334,-0.7540304331864339,0,Rendah
Selasa,2026-07-07 13:30:00,1.6866666666666668,0.0,5.12,2.66,7.78,0.4761849858480149,-0.12446097204675334,-0.4247500894304509,0,Rendah
Selasa,2026-07-07 13:33:00,1.2933333333333332,0.0,2.03,1.24,3.2699999999999996,-0.08876787307972644,-0.12446097204675334,-0.7733543970218789,0,Rendah
Selasa,2026-07-07 13:36:00,1.3266666666666667,0.0,1.83,0.401,2.231,-0.040890512153646544,-0.12446097204675334,-0.8536647907219884,0,Rendah
Selasa,2026-07-07 13:39:00,1.414,0.0,2.33,0.257,2.587,0.0845481734726823,-0.12446097204675334,-0.8261474662203147,0,Rendah
Selasa,2026-07-07 13:42:00,1.4366666666666668,0.0,2.53,3.84,6.369999999999999,0.11710477890241677,-0.12446097204675334,-0.5337372454623608,0,Rendah
Selasa,2026-07-07 13:45:00,1.1233333333333333,0.0,2.66,4.13,6.79,-0.33294241380273304,-0.12446097204675334,-0.5012729862188131,0,Rendah
Selasa,2026-07-07 13:48:00,1.1500000000000001,0.0,3.05,4.16,7.21,-0.294640525061869,-0.12446097204675334,-0.46880872697526554,0,Rendah
Selasa,2026-07-07 13:51:00,1.21,0.0,2.53,2.91,5.4399999999999995,-0.2084612753949257,-0.12446097204675334,-0.6056223909302163,0,Rendah
Selasa,2026-07-07 13:54:00,1.097,0.0,2.76,3.46,6.22,-0.370765528934336,-0.12446097204675334,-0.5453316237636278,0,Rendah
Selasa,2026-07-07 13:57:00,1.4233333333333336,0.0,1.31,0.767,2.077,0.09795383453198506,-0.12446097204675334,-0.8655683524446225,0,Rendah
Selasa,2026-07-07 14:00:00,1.2133333333333332,0.0,0.72,1.47,2.19,-0.20367353930231794,-0.12446097204675334,-0.8568339207910014,0,Rendah
Selasa,2026-07-07 14:03:00,1.6433333333333333,0.0,2.5,0.448,2.948,0.413944416644111,-0.12446097204675334,-0.798243662441932,0,Rendah
Selasa,2026-07-07 14:06:00,1.33,0.0,2.92,0.247,3.167,-0.036102776061038455,-0.12446097204675334,-0.7813158701220823,0,Rendah
Selasa,2026-07-07 14:09:00,1.3800000000000001,0.0,0.634,0.269,0.903,0.03571326532808123,-0.12446097204675334,-0.9563136866158722,0,Rendah
Selasa,2026-07-07 14:12:00,1.6666666666666667,0.0,0.602,0.15,0.752,0.447458569292367,-0.12446097204675334,-0.967985360772481,0,Rendah
Selasa,2026-07-07 14:15:00,1.2966666666666666,0.0,0.635,0.286,0.921,-0.08398013698711836,-0.12446097204675334,-0.9549223612197203,0,Rendah
Selasa,2026-07-07 14:18:00,1.1500000000000001,0.0,0.618,0.392,1.01,-0.294640525061869,-0.12446097204675334,-0.9480430300943018,0,Rendah
Selasa,2026-07-07 14:21:00,1.4266666666666667,0.0,0.565,0.223,0.7879999999999999,0.10274157062459283,-0.12446097204675334,-0.9652027099801769,0,Rendah
Selasa,2026-07-07 14:24:00,1.2,0.0,0.149,0.222,0.371,-0.22282448367274965,-0.12446097204675334,-0.9974350816576992,0,Rendah
Selasa,2026-07-07 14:27:00,1.2666666666666666,0.0,0.131,0.184,0.315,-0.12706976182059015,-0.12446097204675334,-1.001763649556839,0,Rendah
Selasa,2026-07-07 14:30:00,1.0483333333333333,0.0,0.142,0.628,0.77,-0.44066647588641245,-0.12446097204675334,-0.966594035376329,0,Rendah
Selasa,2026-07-07 14:33:00,1.6966666666666665,0.0,0.486,9.25,9.736,0.4905481941258385,-0.12446097204675334,-0.2735593963819291,0,Rendah
Selasa,2026-07-07 14:36:00,3.2066666666666666,0.0,1.09,9.7,10.79,2.659392644077251,-0.12446097204675334,-0.19208956485169307,2,Sedang
Selasa,2026-07-07 14:39:00,1.3433333333333335,0.0,2.61,3.71,6.32,-0.016951831690606434,-0.12446097204675334,-0.5376020382294497,0,Rendah
Selasa,2026-07-07 14:42:00,1.423,0.0,0.305,2.82,3.125,0.097475060922724,-0.12446097204675334,-0.784562296046437,0,Rendah
Selasa,2026-07-07 14:45:00,1.866666666666667,0.0,0.183,0.149,0.33199999999999996,0.7347227348488458,-0.12446097204675334,-1.0004496200160287,0,Rendah
Selasa,2026-07-07 14:48:00,1.7066666666666668,0.0,0.327,1.84,2.1670000000000003,0.5049114024036627,-0.12446097204675334,-0.8586117254638623,0,Rendah
Selasa,2026-07-07 14:51:00,1.3633333333333333,0.0,0.475,2.86,3.335,0.01177458486504112,-0.12446097204675334,-0.7683301664246632,0,Rendah
Selasa,2026-07-07 14:54:00,1.21,0.0,0.238,0.68,0.918,-0.2084612753949257,-0.12446097204675334,-0.9551542487857456,0,Rendah
Selasa,2026-07-07 14:57:00,1.2566666666666668,0.0,0.212,0.362,0.574,-0.1414329700984138,-0.12446097204675334,-0.9817440230233179,0,Rendah
Selasa,2026-07-07 15:00:00,1.1900000000000002,0.0,0.363,3.53,3.893,-0.23718769195057327,-0.12446097204675334,-0.72519907914395,0,Rendah
Selasa,2026-07-07 15:03:00,1.6133333333333333,0.0,0.561,7.4,7.961,0.37085479181063924,-0.12446097204675334,-0.41075953961358874,0,Rendah
Selasa,2026-07-07 15:06:00,1.2433333333333334,0.0,0.318,2.78,3.098,-0.16058391446884582,-0.12446097204675334,-0.786649284140665,0,Rendah
Selasa,2026-07-07 15:09:00,1.2766666666666666,0.0,0.228,0.885,1.113,-0.11270655354276624,-0.12446097204675334,-0.9400815569940985,0,Rendah
Selasa,2026-07-07 15:12:00,1.4063333333333332,0.0,0.243,2.29,2.533,0.07353638045968389,-0.12446097204675334,-0.8303214424087708,0,Rendah
Selasa,2026-07-07 15:15:00,1.1333333333333335,0.0,0.426,9.02,9.446,-0.3185792055249088,-0.12446097204675334,-0.2959751944310454,0,Rendah
Selasa,2026-07-07 15:18:00,1.4303333333333332,0.0,0.187,1.4,1.587,0.10800808032646134,-0.12446097204675334,-0.9034433215620947,0,Rendah
Selasa,2026-07-07 15:21:00,1.7266666666666666,0.0,0.261,1.9,2.161,0.5336378189593103,-0.12446097204675334,-0.859075500595913,0,Rendah
Selasa,2026-07-07 15:24:00,4.73,0.0,0.166,0.748,0.914,4.847388038399096,-0.12446097204675334,-0.9554634322071127,2,Sedang
Selasa,2026-07-07 15:27:00,1.3499999999999999,0.0,0.224,1.42,1.644,-0.007376359505390902,-0.12446097204675334,-0.8990374578076132,0,Rendah
Selasa,2026-07-07 15:30:00,3.02,0.0,0.291,2.17,2.461,2.3912794228912047,-0.12446097204675334,-0.8358867439933789,0,Rendah
Selasa,2026-07-07 15:33:00,1.0856666666666668,0.0,0.213,2.65,2.863,-0.387043831649203,-0.12446097204675334,-0.8048138101459834,0,Rendah
Selasa,2026-07-07 15:36:00,1.051,0.0,0.135,0.0895,0.2245,-0.43683628701232613,-0.12446097204675334,-1.00875892446527,0,Rendah
Selasa,2026-07-07 15:39:00,1.3099999999999998,0.0,0.134,0.591,0.725,-0.06482919261668665,-0.12446097204675334,-0.9700723488667091,0,Rendah
Selasa,2026-07-07 15:42:00,1.3466666666666667,0.0,0.15,0.479,0.629,-0.01216409559799867,-0.12446097204675334,-0.97749275097952,0,Rendah
Selasa,2026-07-07 15:45:00,1.1533333333333333,0.0,0.343,2.77,3.113,-0.28985278896926125,-0.12446097204675334,-0.7854898463105384,0,Rendah
Selasa,2026-07-07 15:48:00,1.5333333333333334,0.0,0.744,9.54,10.283999999999999,0.25594912558804805,-0.12446097204675334,-0.2312012676546338,0,Rendah
Selasa,2026-07-07 15:51:00,4.923333333333333,0.0,0.648,6.81,7.457999999999999,5.125076731770358,-0.12446097204675334,-0.44963935485050416,2,Sedang
Selasa,2026-07-07 15:54:00,1.4713333333333332,0.0,0.685,6.35,7.035,0.16689723426553932,-0.12446097204675334,-0.48233550166007705,0,Rendah
Selasa,2026-07-07 15:57:00,1.023,0.0,0.352,1.39,1.742,-0.4770532701902332,-0.12446097204675334,-0.8914624639841189,0,Rendah
Rabu,2026-07-08 08:36:00,4.53,0.0,0.000848,0.0015,0.0023480000000000003,4.560123872842618,-0.12446097204675334,-1.0259303533211572,2,Sedang
Rabu,2026-07-08 08:45:00,1.2933333333333332,0.0,0.599,12.0,12.599,-0.08876787307972644,-0.12446097204675334,-0.05226136253841291,0,Rendah
Rabu,2026-07-08 08:48:00,1.178,0.0,0.593,6.71,7.303,-0.2544235418839623,-0.12446097204675334,-0.46162021242848,0,Rendah
Rabu,2026-07-08 08:51:00,1.13,0.0,0.46,2.02,2.48,-0.3233669416175172,-0.12446097204675334,-0.8344181227418851,0,Rendah
Rabu,2026-07-08 08:54:00,1.2366666666666666,0.0,0.215,0.856,1.071,-0.17015938665406197,-0.12446097204675334,-0.9433279829184532,0,Rendah
Rabu,2026-07-08 08:57:00,1.2966666666666666,0.0,0.182,0.889,1.071,-0.08398013698711836,-0.12446097204675334,-0.9433279829184532,0,Rendah
Rabu,2026-07-08 09:00:00,1.2633333333333334,0.0,0.181,0.43,0.611,-0.13185749791319792,-0.12446097204675334,-0.978884076375672,0,Rendah
Rabu,2026-07-08 09:03:00,1.1273333333333333,0.0,0.193,0.669,0.8620000000000001,-0.3271971304916035,-0.12446097204675334,-0.9594828166848852,0,Rendah
Rabu,2026-07-08 09:06:00,1.4533333333333334,0.0,0.188,0.561,0.7490000000000001,0.14104345936545656,-0.12446097204675334,-0.9682172483385063,0,Rendah
Rabu,2026-07-08 09:09:00,1.0623333333333334,0.0,0.266,2.09,2.356,-0.4205579842974589,-0.12446097204675334,-0.8440028088042658,0,Rendah
Rabu,2026-07-08 09:12:00,1.4033333333333333,0.0,0.186,0.83,1.016,0.06922741797633687,-0.12446097204675334,-0.9475792549622511,0,Rendah
Rabu,2026-07-08 09:15:00,1.1163333333333334,0.0,0.174,0.489,0.663,-0.34299665959720965,-0.12446097204675334,-0.9748646918978995,0,Rendah
Rabu,2026-07-08 09:18:00,1.6000000000000003,0.0,0.295,0.691,0.986,0.35170384744020783,-0.12446097204675334,-0.9498981306225045,0,Rendah
Rabu,2026-07-08 09:21:00,1.0833333333333333,0.0,0.284,2.76,3.0439999999999996,-0.3903952469140288,-0.12446097204675334,-0.7908232603291213,0,Rendah
Rabu,2026-07-08 09:24:00,1.3166666666666667,0.0,0.186,0.676,0.8620000000000001,-0.055253720431470484,-0.12446097204675334,-0.9594828166848852,0,Rendah
Rabu,2026-07-08 09:27:00,1.3233333333333333,0.0,0.173,0.521,0.694,-0.045678248246254625,-0.12446097204675334,-0.9724685203823042,0,Rendah
Rabu,2026-07-08 09:30:00,1.1700000000000002,0.0,0.176,0.583,0.7589999999999999,-0.26591410850622116,-0.12446097204675334,-0.9674442897850886,0,Rendah
Rabu,2026-07-08 09:33:00,1.3933333333333333,0.0,0.219,1.51,1.729,0.05486420969851293,-0.12446097204675334,-0.8924673101035618,0,Rendah
Rabu,2026-07-08 09:36:00,1.4366666666666668,0.0,0.494,7.25,7.744,0.11710477890241677,-0.12446097204675334,-0.427532740222755,0,Rendah
Rabu,2026-07-08 09:39:00,1.1039999999999999,0.0,0.416,5.89,6.306,-0.36071128313985945,-0.12446097204675334,-0.5386841802042347,0,Rendah
Rabu,2026-07-08 09:42:00,0.9623333333333334,0.0,0.35,3.67,4.02,-0.5641900670756981,-0.12446097204675334,-0.7153825055155439,0,Rendah
Rabu,2026-07-08 09:45:00,1.0103333333333333,0.0,0.313,2.22,2.5330000000000004,-0.4952466673421434,-0.12446097204675334,-0.8303214424087708,0,Rendah
Rabu,2026-07-08 09:48:00,1.2666666666666666,0.0,0.123,0.0634,0.1864,-0.12706976182059015,-0.12446097204675334,-1.0117038965537917,0,Rendah
Rabu,2026-07-08 09:51:00,1.4366666666666668,0.0,0.207,2.32,2.5269999999999997,0.11710477890241677,-0.12446097204675334,-0.8307852175408216,0,Rendah
Rabu,2026-07-08 09:54:00,1.4466666666666665,0.0,0.11,0.173,0.283,0.1314679871802404,-0.12446097204675334,-1.004237116927776,0,Rendah
Rabu,2026-07-08 09:57:00,4.113333333333333,11.1,0.167,0.834,1.001,3.9616568612666203,8.034647195462632,-0.9487386927923779,1,Tinggi
Rabu,2026-07-08 10:00:00,1.28,0.0,0.2,2.43,2.6300000000000003,-0.10791881745015815,-0.12446097204675334,-0.822823744440618,0,Rendah
Rabu,2026-07-08 10:03:00,1.3766666666666667,0.0,0.126,0.08109999999999999,0.2071,0.030925529235473145,-0.12446097204675334,-1.010103872348217,0,Rendah
Rabu,2026-07-08 10:06:00,1.4866666666666666,0.0,0.207,1.59,1.7970000000000002,0.18892082029153615,-0.12446097204675334,-0.8872111919403208,0,Rendah
Rabu,2026-07-08 10:09:00,1.6433333333333335,0.0,1.36,29.0,30.36,0.41394441664411136,-0.12446097204675334,1.3205903241869423,2,Sedang
Rabu,2026-07-08 10:12:00,1.7066666666666668,0.0,1.56,40.0,41.56,0.5049114024036627,-0.12446097204675334,2.186303904014879,2,Sedang
Rabu,2026-07-08 10:15:00,1.8166666666666664,0.0,1.61,43.5,45.11,0.6629066934597254,-0.12446097204675334,2.460704190478198,2,Sedang
Rabu,2026-07-08 10:18:00,1.0890000000000002,0.0,1.99,47.0,48.99,-0.38225609555659484,-0.12446097204675334,2.7606121092043048,2,Sedang
Rabu,2026-07-08 10:21:00,1.1233333333333333,0.0,1.81,48.0,49.81,-0.33294241380273304,-0.12446097204675334,2.8239947105845644,2,Sedang
Rabu,2026-07-08 10:24:00,1.1500000000000001,0.0,1.55,41.4,42.949999999999996,-0.294640525061869,-0.12446097204675334,2.2937451429399527,2,Sedang
Rabu,2026-07-08 10:27:00,1.298,0.0,2.12,48.1,50.22,-0.08206504255007506,-0.12446097204675334,2.855686011274694,2,Sedang
Rabu,2026-07-08 10:30:00,1.8066666666666666,0.0,2.04,54.8,56.839999999999996,0.6485434851819019,-0.12446097204675334,3.3673845736372776,2,Sedang
Rabu,2026-07-08 10:33:00,1.1766666666666667,0.0,1.95,57.6,59.550000000000004,-0.2563386363210053,-0.12446097204675334,3.576856341613502,2,Sedang
Rabu,2026-07-08 10:36:00,5.183333333333333,0.0,1.88,58.8,60.68,5.498520146993779,-0.12446097204675334,3.664200658149713,2,Sedang
Rabu,2026-07-08 10:39:00,1.2666666666666666,0.0,1.94,54.9,56.839999999999996,-0.12706976182059015,-0.12446097204675334,3.3673845736372776,2,Sedang
Rabu,2026-07-08 10:42:00,1.2433333333333334,0.0,1.67,50.9,52.57,-0.16058391446884582,-0.12446097204675334,3.037331271327877,2,Sedang
Rabu,2026-07-08 10:45:00,1.231,0.0,1.96,58.1,60.06,-0.17829853801149528,-0.12446097204675334,3.6162772278378097,2,Sedang
Rabu,2026-07-08 10:48:00,1.1766666666666667,0.0,1.95,58.2,60.150000000000006,-0.2563386363210053,-0.12446097204675334,3.62323385481857,2,Sedang
Rabu,2026-07-08 10:51:00,1.4533333333333334,0.0,2.39,58.3,60.69,0.14104345936545656,-0.12446097204675334,3.664973616703131,2,Sedang
Rabu,2026-07-08 10:54:00,1.1500000000000001,0.0,1.89,53.7,55.59,-0.294640525061869,-0.12446097204675334,3.270764754460053,2,Sedang
Rabu,2026-07-08 10:57:00,3.353333333333333,0.0,1.9,56.0,57.9,2.870053032152002,-0.12446097204675334,3.4493181802995645,2,Sedang
Rabu,2026-07-08 11:00:00,1.4633333333333336,0.0,2.0,58.4,60.4,0.15540666764328082,-0.12446097204675334,3.642557818654015,2,Sedang
Rabu,2026-07-08 11:03:00,1.3399999999999999,0.0,1.83,52.2,54.03,-0.021739567783214838,-0.12446097204675334,3.150183220126876,2,Sedang
Rabu,2026-07-08 11:06:00,1.16,0.0,1.67,47.3,48.97,-0.2802773167840454,-0.12446097204675334,2.759066192097469,2,Sedang
Rabu,2026-07-08 11:09:00,1.3466666666666667,0.0,1.87,50.3,52.169999999999995,-0.01216409559799867,-0.12446097204675334,3.0064129291911645,2,Sedang
Rabu,2026-07-08 11:12:00,1.21,0.0,1.9,53.4,55.3,-0.2084612753949257,-0.12446097204675334,3.2483489564109362,2,Sedang
Rabu,2026-07-08 11:15:00,1.45,0.0,2.2,60.2,62.400000000000006,0.13625572327284846,-0.12446097204675334,3.797149529337575,2,Sedang
Rabu,2026-07-08 11:18:00,1.1600000000000001,0.0,2.03,60.9,62.93,-0.28027731678404505,-0.12446097204675334,3.838116332668718,2,Sedang
Rabu,2026-07-08 11:21:00,4.756666666666667,0.0,2.01,61.6,63.61,4.88568992713996,-0.12446097204675334,3.8906775143011285,2,Sedang
Rabu,2026-07-08 11:24:00,1.4333333333333333,0.0,1.96,56.0,57.96,0.11231704280980868,-0.12446097204675334,3.4539559316200714,2,Sedang
Rabu,2026-07-08 11:27:00,1.214,0.0,1.75,51.8,53.55,-0.20271599208379612,-0.12446097204675334,3.1130812095628215,2,Sedang
Rabu,2026-07-08 11:30:00,1.2333333333333334,0.0,1.87,50.9,52.769999999999996,-0.17494712274666974,-0.12446097204675334,3.052790442396233,2,Sedang
Rabu,2026-07-08 11:33:00,2.1599999999999997,0.0,1.73,49.9,51.629999999999995,1.1560435109983467,-0.12446097204675334,2.9646731673066036,2,Sedang
Rabu,2026-07-08 11:36:00,1.6199999999999999,0.0,1.78,52.6,54.38,0.3804302639958551,-0.12446097204675334,3.177236769496499,2,Sedang
Rabu,2026-07-08 11:39:00,1.33,0.0,1.66,50.3,51.959999999999994,-0.036102776061038455,-0.12446097204675334,2.9901807995693908,2,Sedang
Rabu,2026-07-08 11:42:00,1.4766666666666666,0.0,1.15,27.5,28.65,0.1745576120137122,-0.12446097204675334,1.1884144115524984,0,Rendah
Rabu,2026-07-08 11:45:00,1.074,0.0,0.342,4.78,5.122,-0.40380090797333096,-0.12446097204675334,-0.6302024729289023,0,Rendah
Rabu,2026-07-08 11:48:00,1.0833333333333333,0.0,0.223,0.0778,0.3008,-0.3903952469140288,-0.12446097204675334,-1.0028612507026922,0,Rendah
Rabu,2026-07-08 11:51:00,0.9480000000000001,0.0,0.105,0.561,0.666,-0.5847773322739124,-0.12446097204675334,-0.974632804331874,0,Rendah
Rabu,2026-07-08 11:54:00,1.0033333333333332,0.0,0.0442,0.0269,0.0711,-0.5053009131366203,-0.12446097204675334,-1.0206161086746992,0,Rendah
Rabu,2026-07-08 11:57:00,0.8166666666666668,0.0,0.040299999999999996,0.013099999999999999,0.053399999999999996,-0.7734141343226666,-0.12446097204675334,-1.0219842453142485,0,Rendah
Rabu,2026-07-08 12:00:00,0.9663333333333334,0.0,0.125,0.764,0.889,-0.5584447837645685,-0.12446097204675334,-0.9573958285906572,0,Rendah
Rabu,2026-07-08 12:03:00,0.755,0.0,0.0424,0.0126,0.055,-0.8619872520359142,-0.12446097204675334,-1.0218605719457017,0,Rendah
Rabu,2026-07-08 12:06:00,1.007,0.0,0.040799999999999996,0.0875,0.1283,-0.5000344034347515,-0.12446097204675334,-1.0161947857491493,0,Rendah
Rabu,2026-07-08 12:09:00,0.9726666666666667,0.0,0.234,6.12,6.354,-0.5493480851886134,-0.12446097204675334,-0.5349739791478293,0,Rendah
Rabu,2026-07-08 12:12:00,1.148,0.0,0.719,0.0251,0.7441,-0.2975131667174341,-0.12446097204675334,-0.9685959980296811,0,Rendah
Rabu,2026-07-08 12:15:00,0.9700000000000001,0.0,1.08,0.038700000000000005,1.1187,-0.5531782740626997,-0.12446097204675334,-0.9396409706186503,0,Rendah
Rabu,2026-07-08 12:18:00,0.85,0.0,0.0354,0.00886,0.04426,-0.725536773396587,-0.12446097204675334,-1.0226907294320724,0,Rendah
Rabu,2026-07-08 12:21:00,0.8916666666666666,0.0,0.038200000000000005,0.00876,0.04696,-0.6656900722389874,-0.12446097204675334,-1.0224820306226496,0,Rendah
Rabu,2026-07-08 12:24:00,0.89,0.0,0.0404,0.0127,0.053099999999999994,-0.6680839402852912,-0.12446097204675334,-1.0220074340708512,0,Rendah
Rabu,2026-07-08 12:27:00,0.9156666666666666,0.0,0.0376,0.0157,0.0533,-0.6312183723722099,-0.12446097204675334,-1.0219919748997828,0,Rendah
Rabu,2026-07-08 12:30:00,0.8716666666666667,0.0,0.117,0.256,0.373,-0.694416488794635,-0.12446097204675334,-0.9972804899470157,0,Rendah
Rabu,2026-07-08 12:33:00,0.8606666666666666,0.0,0.271,0.184,0.455,-0.7102160179002416,-0.12446097204675334,-0.9909422298089897,0,Rendah
Rabu,2026-07-08 12:36:00,0.8729999999999999,0.0,0.0885,0.126,0.2145,-0.6925013943575921,-0.12446097204675334,-1.009531883018688,0,Rendah
Rabu,2026-07-08 12:39:00,0.805,0.0,0.095,0.282,0.377,-0.7901712106467945,-0.12446097204675334,-0.9969713065256485,0,Rendah
Rabu,2026-07-08 12:42:00,0.7503333333333334,0.0,0.111,0.0673,0.17830000000000001,-0.8686900825655652,-0.12446097204675334,-1.0123299929820602,0,Rendah
Rabu,2026-07-08 12:45:00,1.1206666666666667,0.0,0.113,0.742,0.855,-0.33677260267681935,-0.12446097204675334,-0.9600238876722776,0,Rendah
Rabu,2026-07-08 12:48:00,0.9273333333333333,0.0,0.231,1.78,2.011,-0.6144612960480819,-0.12446097204675334,-0.8706698788971798,0,Rendah
Rabu,2026-07-08 12:51:00,0.9773333333333333,0.0,0.297,4.39,4.686999999999999,-0.5426452546589624,-0.12446097204675334,-0.6638261700025766,0,Rendah
Rabu,2026-07-08 12:54:00,0.8783333333333334,0.0,0.244,3.32,3.564,-0.684841016609419,-0.12446097204675334,-0.7506294155513955,0,Rendah
Rabu,2026-07-08 12:57:00,0.8410000000000001,0.0,0.259,2.82,3.0789999999999997,-0.7384636608466284,-0.12446097204675334,-0.788117905392159,0,Rendah
Rabu,2026-07-08 13:00:00,0.8336666666666668,0.0,0.318,2.55,2.868,-0.7489966802503658,-0.12446097204675334,-0.8044273308692744,0,Rendah
Rabu,2026-07-08 13:03:00,1.1163333333333334,0.0,0.602,2.27,2.872,-0.34299665959720965,-0.12446097204675334,-0.8041181474479073,0,Rendah
Rabu,2026-07-08 13:06:00,0.9899999999999999,0.0,0.616,1.4,2.016,-0.5244518575070521,-0.12446097204675334,-0.8702833996204711,0,Rendah
Rabu,2026-07-08 13:09:00,0.8796666666666667,0.0,0.542,0.193,0.7350000000000001,-0.6829259221723759,-0.12446097204675334,-0.9692993903132914,0,Rendah
Rabu,2026-07-08 13:12:00,1.0123333333333333,0.0,0.891,0.73,1.621,-0.4923740256865786,-0.12446097204675334,-0.9008152624804742,0,Rendah
Rabu,2026-07-08 13:15:00,0.9266666666666666,0.0,5.86,4.86,10.72,-0.6154188432666036,-0.12446097204675334,-0.19750027472561757,0,Rendah
Rabu,2026-07-08 13:18:00,1.079,0.0,3.01,11.6,14.61,-0.3966193038344191,-0.12446097204675334,0.1031806025539067,0,Rendah
Rabu,2026-07-08 13:21:00,0.8636666666666667,0.0,3.01,17.3,20.310000000000002,-0.7059070554168942,-0.12446097204675334,0.5437669780020531,0,Rendah
Rabu,2026-07-08 13:24:00,0.7413333333333334,0.0,2.76,15.0,17.759999999999998,-0.8816169700156068,-0.12446097204675334,0.3466625468805137,0,Rendah
Rabu,2026-07-08 13:27:00,0.8113333333333334,0.0,3.01,17.0,20.009999999999998,-0.7810745120708394,-0.12446097204675334,0.5205782213995188,0,Rendah
Rabu,2026-07-08 13:30:00,0.945,0.0,2.21,9.4,11.61,-0.5890862947572597,-0.12446097204675334,-0.12870696347143343,0,Rendah
Rabu,2026-07-08 13:33:00,1.0343333333333333,0.0,1.9,8.76,10.66,-0.46077496747536595,-0.12446097204675334,-0.2021380260461244,0,Rendah
Rabu,2026-07-08 13:36:00,1.04,0.0,2.01,8.65,10.66,-0.4526358161179323,-0.12446097204675334,-0.2021380260461244,0,Rendah
Rabu,2026-07-08 13:39:00,0.8523333333333333,0.0,3.06,11.5,14.56,-0.7221853581317614,-0.12446097204675334,0.09931580978681777,0,Rendah
Rabu,2026-07-08 13:42:00,0.73,0.0,3.35,12.8,16.150000000000002,-0.8978952727304741,-0.12446097204675334,0.22221621978024816,0,Rendah
Rabu,2026-07-08 13:45:00,0.9476666666666667,0.0,2.76,15.4,18.16,-0.5852561058831733,-0.12446097204675334,0.37758088901722586,0,Rendah
Rabu,2026-07-08 13:48:00,0.8883333333333333,0.0,3.51,18.1,21.61,-0.6704778083315953,-0.12446097204675334,0.644251589946367,0,Rendah
Rabu,2026-07-08 13:51:00,0.8843333333333333,0.0,2.29,17.4,19.689999999999998,-0.6762230916427249,-0.12446097204675334,0.49584354769014916,0,Rendah
Rabu,2026-07-08 13:54:00,0.9470000000000001,0.0,3.08,17.2,20.28,-0.5862136531016948,-0.12446097204675334,0.5414481023417996,0,Rendah
Rabu,2026-07-08 13:57:00,0.9039999999999999,0.0,3.11,16.4,19.509999999999998,-0.6479754486963378,-0.12446097204675334,0.4819302937286288,0,Rendah
Rabu,2026-07-08 14:00:00,0.807,0.0,3.03,13.9,16.93,-0.7872985689912297,-0.12446097204675334,0.2825069869468364,0,Rendah
Rabu,2026-07-08 14:03:00,0.8943333333333334,0.0,2.46,16.0,18.46,-0.6618598833649008,-0.12446097204675334,0.4007696456197599,0,Rendah
Rabu,2026-07-08 14:06:00,0.8996666666666666,0.0,2.32,9.1,11.42,-0.6541995056167282,-0.12446097204675334,-0.1433931759863716,0,Rendah
Rabu,2026-07-08 14:09:00,0.8006666666666667,0.0,2.56,14.8,17.36,-0.7963952675671848,-0.12446097204675334,0.31574420474380177,0,Rendah
Rabu,2026-07-08 14:12:00,0.7146666666666667,0.0,2.64,21.7,24.34,-0.9199188587564707,-0.12446097204675334,0.8552692750294265,0,Rendah
Rabu,2026-07-08 14:15:00,0.9630000000000001,0.0,2.98,15.6,18.58,-0.5632325198571765,-0.12446097204675334,0.4100451482607734,0,Rendah
Rabu,2026-07-08 14:18:00,0.7003333333333334,0.0,3.02,12.7,15.719999999999999,-0.9405061239546849,-0.12446097204675334,0.1889790019832825,0,Rendah
Rabu,2026-07-08 14:21:00,0.7346666666666667,0.0,3.06,13.0,16.06,-0.8911924422008228,-0.12446097204675334,0.2152595927994877,0,Rendah
Rabu,2026-07-08 14:24:00,1.3433333333333335,0.0,3.18,13.3,16.48,-0.016951831690606434,-0.12446097204675334,0.24772385204303543,0,Rendah
Rabu,2026-07-08 14:27:00,0.7766666666666667,0.0,2.8,11.6,14.399999999999999,-0.8308669674339623,-0.12446097204675334,0.08694847293213281,0,Rendah
Rabu,2026-07-08 14:30:00,0.9266666666666666,0.0,2.59,11.5,14.09,-0.6154188432666036,-0.12446097204675334,0.0629867577761811,0,Rendah
Rabu,2026-07-08 14:33:00,0.9546666666666667,0.0,1.15,10.4,11.55,-0.5752018600886966,-0.12446097204675334,-0.13334471479194013,0,Rendah
Rabu,2026-07-08 14:36:00,0.8506666666666667,0.0,0.89,11.6,12.49,-0.7245792261780654,-0.12446097204675334,-0.06068661077066693,0,Rendah
Rabu,2026-07-08 14:39:00,0.9493333333333333,0.0,0.59,10.5,11.09,-0.5828622378368694,-0.12446097204675334,-0.168900808249159,0,Rendah
Rabu,2026-07-08 14:42:00,0.766,0.0,0.788,12.1,12.888,-0.8461877229303079,-0.12446097204675334,-0.0299228603446385,0,Rendah
Rabu,2026-07-08 14:45:00,0.738,0.0,0.52,9.24,9.76,-0.8864047061082149,-0.12446097204675334,-0.27170429585372646,0,Rendah
Rabu,2026-07-08 14:48:00,1.1053333333333333,0.0,0.469,9.46,9.929,-0.35879618870281615,-0.12446097204675334,-0.2586412963009656,0,Rendah
Rabu,2026-07-08 14:51:00,0.7686666666666667,0.0,0.444,8.97,9.414000000000001,-0.8423575340562215,-0.12446097204675334,-0.2984486618019822,0,Rendah
Rabu,2026-07-08 14:54:00,1.0246666666666666,0.0,0.507,9.24,9.747,-0.47465940214392915,-0.12446097204675334,-0.2727091419731696,0,Rendah
Rabu,2026-07-08 14:57:00,0.9966666666666667,0.0,0.769,11.0,11.769,-0.514876385321836,-0.12446097204675334,-0.11641692247209035,0,Rendah
Rabu,2026-07-08 15:00:00,0.7653333333333333,0.0,0.833,15.7,16.532999999999998,-0.8471452701488296,-0.12446097204675334,0.25182053237614954,0,Rendah
Rabu,2026-07-08 15:03:00,1.2,0.0,0.458,8.24,8.698,-0.22282448367274965,-0.12446097204675334,-0.35379249422669684,0,Rendah
Rabu,2026-07-08 15:06:00,0.9616666666666666,0.0,0.584,12.1,12.684,-0.5651476142942199,-0.12446097204675334,-0.04569121483436168,0,Rendah
Rabu,2026-07-08 15:09:00,0.9086666666666666,0.0,0.534,10.2,10.734,-0.6412726181666867,-0.12446097204675334,-0.1964181327508327,0,Rendah
Rabu,2026-07-08 15:12:00,0.8566666666666668,0.0,0.399,5.33,5.729,-0.7159613012113708,-0.12446097204675334,-0.5832838887364418,0,Rendah
Rabu,2026-07-08 15:15:00,0.9400000000000001,0.0,0.501,7.46,7.961,-0.5962678988961715,-0.12446097204675334,-0.41075953961358874,0,Rendah
Rabu,2026-07-08 15:18:00,0.931,0.0,0.486,7.13,7.616,-0.609194786346213,-0.12446097204675334,-0.4374266097065029,0,Rendah
Rabu,2026-07-08 15:21:00,0.8126666666666665,0.0,0.341,6.79,7.131,-0.7791594176337965,-0.12446097204675334,-0.47491509954726613,0,Rendah
Rabu,2026-07-08 15:24:00,0.8376666666666667,0.0,0.328,6.66,6.988,-0.7432513969392365,-0.12446097204675334,-0.4859684068611407,0,Rendah
Rabu,2026-07-08 15:27:00,0.9279999999999999,0.0,0.472,8.8,9.272,-0.6135037488295604,-0.12446097204675334,-0.3094246732605151,0,Rendah
Rabu,2026-07-08 15:30:00,0.9356666666666666,0.0,0.491,11.1,11.591,-0.602491955816562,-0.12446097204675334,-0.13017558472292726,0,Rendah
Rabu,2026-07-08 15:33:00,2.473333333333333,0.0,0.457,11.8,12.257000000000001,1.6060907037034966,-0.12446097204675334,-0.07869654506530159,0,Rendah
Rabu,2026-07-08 15:36:00,1.184,0.0,0.459,11.2,11.658999999999999,-0.24580561691726793,-0.12446097204675334,-0.12491946655968625,0,Rendah
Rabu,2026-07-08 15:39:00,0.8953333333333333,0.0,0.446,10.9,11.346,-0.6604235625371185,-0.12446097204675334,-0.1491130692816633,0,Rendah
Rabu,2026-07-08 15:42:00,0.7233333333333333,0.0,0.502,12.3,12.802000000000001,-0.90747074491569,-0.12446097204675334,-0.036570303904031466,0,Rendah
Rabu,2026-07-08 15:45:00,0.823,0.0,0.605,14.1,14.705,-0.7643174357467116,-0.12446097204675334,0.11052370881137584,0,Rendah
Rabu,2026-07-08 15:48:00,1.2366666666666666,0.0,0.522,10.2,10.722,-0.17015938665406197,-0.12446097204675334,-0.1973456830149341,0,Rendah
Rabu,2026-07-08 15:51:00,0.9246666666666666,0.0,0.483,11.0,11.483,-0.6182914849221683,-0.12446097204675334,-0.13852353709983942,0,Rendah
Rabu,2026-07-08 15:54:00,0.7239999999999999,0.0,0.388,9.07,9.458,-0.9065131976971685,-0.12446097204675334,-0.295047644166944,0,Rendah
Rabu,2026-07-08 15:57:00,1.0343333333333333,0.0,0.671,8.67,9.341,-0.46077496747536595,-0.12446097204675334,-0.30409125924193237,0,Rendah
Kamis,2026-07-09 08:06:00,2.07,0.0,0.0155,0.00311,0.01861,1.0267746364979315,-0.12446097204675334,-1.024673368121589,0,Rendah
Kamis,2026-07-09 08:09:00,1.0386666666666666,11.1,0.0884,0.751,0.8394,-0.4545509105549756,8.034647195462632,-0.9612297030156095,1,Tinggi
Kamis,2026-07-09 08:12:00,1.5166666666666666,0.0,0.161,1.5,1.661,0.23201044512500796,-0.12446097204675334,-0.897723428266803,0,Rendah
Kamis,2026-07-09 08:15:00,1.1076666666666666,0.0,0.0634,0.428,0.4914,-0.35544477343799064,-0.12446097204675334,-0.9881286606745489,0,Rendah
Kamis,2026-07-09 08:18:00,3.9113333333333333,11.1,0.0888,0.503,0.5918,3.671520054054577,8.034647195462632,-0.9803681567982343,1,Tinggi
Kamis,2026-07-09 08:21:00,1.8286666666666667,0.0,0.233,2.35,2.583,0.6801425433931144,-0.12446097204675334,-0.8264566496416818,0,Rendah
Kamis,2026-07-09 08:24:00,1.902,0.0,0.0831,0.602,0.6850999999999999,0.7854727374304898,-0.12446097204675334,-0.9731564534948461,0,Rendah
Kamis,2026-07-09 08:27:00,1.4166666666666667,0.0,0.14,0.526,0.666,0.0883783623467689,-0.12446097204675334,-0.974632804331874,0,Rendah
Kamis,2026-07-09 08:30:00,0.9906666666666667,0.0,0.093,0.427,0.52,-0.5234943102885303,-0.12446097204675334,-0.985917999211774,0,Rendah
Kamis,2026-07-09 08:33:00,2.3333333333333335,0.0,0.115,0.565,0.6799999999999999,1.4050057878139621,-0.12446097204675334,-0.9735506623570892,0,Rendah
Kamis,2026-07-09 08:36:00,1.0933333333333335,0.0,0.178,2.17,2.348,-0.37603203863620455,-0.12446097204675334,-0.844621175647,0,Rendah
Kamis,2026-07-09 08:39:00,1.3666666666666665,0.0,0.161,0.811,0.9720000000000001,0.016562320957648886,-0.12446097204675334,-0.9509802725972895,0,Rendah
Kamis,2026-07-09 08:42:00,1.36,0.0,0.857,16.5,17.357,0.006986848772433354,-0.12446097204675334,0.31551231717777645,0,Rendah
Kamis,2026-07-09 08:45:00,1.49,0.0,0.903,15.6,16.503,0.19370855638414422,-0.12446097204675334,0.24950165671589636,0,Rendah
Kamis,2026-07-09 08:48:00,1.2733333333333334,0.0,1.4,27.9,29.299999999999997,-0.11749428963537399,-0.12446097204675334,1.2386567175246554,0,Rendah
Kamis,2026-07-09 08:51:00,6.402666666666668,0.0,2.46,39.3,41.76,7.24987400966978,-0.12446097204675334,2.201763075083235,2,Sedang
Kamis,2026-07-09 08:54:00,1.38,0.0,1.78,35.0,36.78,0.03571326532808091,-0.12446097204675334,1.8168297154811703,2,Sedang
Kamis,2026-07-09 08:57:00,1.2566666666666666,0.0,1.64,40.1,41.74,-0.1414329700984141,-0.12446097204675334,2.2002171579763994,2,Sedang
Kamis,2026-07-09 09:00:00,1.26,0.0,1.85,45.3,47.15,-0.13664523400580603,-0.12446097204675334,2.6183877353754292,2,Sedang
Kamis,2026-07-09 09:03:00,1.2766666666666666,0.0,1.71,41.8,43.51,-0.11270655354276624,-0.12446097204675334,2.33703082193135,2,Sedang
Kamis,2026-07-09 09:06:00,1.2333333333333334,0.0,1.5,30.0,31.5,-0.17494712274666974,-0.12446097204675334,1.4087075992765716,0,Rendah
Kamis,2026-07-09 09:09:00,1.21,0.0,1.24,24.5,25.74,-0.2084612753949257,-0.12446097204675334,0.9634834725079184,0,Rendah
Kamis,2026-07-09 09:12:00,1.2833333333333332,0.0,0.875,19.5,20.375,-0.10313108135755038,-0.12446097204675334,0.5487912085992687,0,Rendah
Kamis,2026-07-09 09:15:00,1.304,0.0,0.927,20.2,21.127,-0.0734471175833807,-0.12446097204675334,0.6069176918162872,0,Rendah
Kamis,2026-07-09 09:18:00,1.16,0.0,0.966,20.3,21.266000000000002,-0.2802773167840454,-0.12446097204675334,0.6176618157087947,0,Rendah
Kamis,2026-07-09 09:21:00,1.594,0.0,0.881,20.5,21.381,0.34308592247351316,-0.12446097204675334,0.6265508390730994,0,Rendah
Kamis,2026-07-09 09:24:00,2.1716666666666664,0.0,0.906,19.1,20.006,1.1728005873224747,-0.12446097204675334,0.5202690379781518,2,Sedang
Kamis,2026-07-09 09:27:00,1.971666666666667,0.0,1.22,19.7,20.919999999999998,0.8855364217659969,-0.12446097204675334,0.5909174497605386,0,Rendah
Kamis,2026-07-09 09:30:00,2.595,0.0,1.42,21.8,23.22,1.7808430710836882,-0.12446097204675334,0.7686979170466328,2,Sedang
Kamis,2026-07-09 09:33:00,1.33,0.0,1.18,22.5,23.68,-0.036102776061038455,-0.12446097204675334,0.8042540105038517,0,Rendah
Kamis,2026-07-09 09:36:00,1.1433333333333333,0.0,1.5,22.6,24.1,-0.3042159972470852,-0.12446097204675334,0.8367182697473994,0,Rendah
Kamis,2026-07-09 09:39:00,1.5066666666666666,0.0,1.64,25.7,27.34,0.217647236847184,-0.12446097204675334,1.0871568410547665,0,Rendah
Kamis,2026-07-09 09:42:00,1.21,0.0,1.22,21.9,23.119999999999997,-0.2084612753949257,-0.12446097204675334,0.7609683315124547,0,Rendah
Kamis,2026-07-09 09:45:00,1.0766666666666669,0.0,1.37,20.2,21.57,-0.3999707190992443,-0.12446097204675334,0.6411597557326958,0,Rendah
Kamis,2026-07-09 09:48:00,1.3333333333333333,0.0,1.17,18.5,19.67,-0.03131503996843069,-0.12446097204675334,0.49429763058331383,0,Rendah
Kamis,2026-07-09 09:51:00,1.14,0.0,1.1,20.7,21.8,-0.3090037333396933,-0.12446097204675334,0.6589378024613053,0,Rendah
Kamis,2026-07-09 09:54:00,1.0636666666666665,0.0,1.2,21.4,22.599999999999998,-0.4186428898604159,-0.12446097204675334,0.7207744867347291,0,Rendah
Kamis,2026-07-09 09:57:00,1.4766666666666666,0.0,1.2,22.5,23.7,0.1745576120137122,-0.12446097204675334,0.8057999276106872,0,Rendah
Kamis,2026-07-09 10:00:00,0.9203333333333333,0.0,1.27,23.8,25.07,-0.6245155418425586,-0.12446097204675334,0.911695249428926,0,Rendah
Kamis,2026-07-09 10:03:00,1.46,0.0,1.33,26.4,27.729999999999997,0.1506189315506724,-0.12446097204675334,1.1173022246380606,0,Rendah
Kamis,2026-07-09 10:06:00,1.087,0.0,1.01,20.5,21.51,-0.38512873721215996,-0.12446097204675334,0.6365220044121891,0,Rendah
Kamis,2026-07-09 10:09:00,1.2,0.0,1.09,20.6,21.69,-0.22282448367274965,-0.12446097204675334,0.6504352583737095,0,Rendah
Kamis,2026-07-09 10:12:00,1.2746666666666666,0.0,0.989,20.8,21.789,-0.11557919519833101,-0.12446097204675334,0.6580875480525458,0,Rendah
Kamis,2026-07-09 10:15:00,1.1766666666666667,0.0,2.34,20.3,22.64,-0.2563386363210053,-0.12446097204675334,0.7238663209484005,0,Rendah
Kamis,2026-07-09 10:18:00,1.0153333333333334,0.0,2.66,21.6,24.26,-0.48806506320323123,-0.12446097204675334,0.8490856066020842,0,Rendah
Kamis,2026-07-09 10:21:00,1.2366666666666666,0.0,1.2,24.3,25.5,-0.17015938665406197,-0.12446097204675334,0.9449324672258913,0,Rendah
Kamis,2026-07-09 10:24:00,0.8850000000000001,0.0,0.866,19.8,20.666,-0.6752655444242031,-0.12446097204675334,0.5712843025037266,0,Rendah
Kamis,2026-07-09 10:27:00,1.0666666666666667,0.0,1.08,24.5,25.58,-0.4143339273770686,-0.12446097204675334,0.9511161356532336,0,Rendah
Kamis,2026-07-09 10:30:00,1.1139999999999999,0.0,1.3,21.1,22.400000000000002,-0.3463480748620355,-0.12446097204675334,0.7053153156663734,0,Rendah
Kamis,2026-07-09 10:33:00,1.0633333333333332,0.0,1.49,24.5,25.99,-0.41912166346967666,-0.12446097204675334,0.9828074363433634,0,Rendah
Kamis,2026-07-09 10:36:00,4.833333333333333,0.0,1.15,22.6,23.75,4.995807857269942,-0.12446097204675334,0.8096647203777763,2,Sedang
Kamis,2026-07-09 10:39:00,1.3233333333333333,0.0,1.25,20.6,21.85,-0.045678248246254625,-0.12446097204675334,0.6628025952283944,0,Rendah
Kamis,2026-07-09 10:42:00,1.23,0.0,1.11,22.0,23.11,-0.17973485883927784,-0.12446097204675334,0.760195372959037,0,Rendah
Kamis,2026-07-09 10:45:00,1.1533333333333333,0.0,1.19,26.6,27.790000000000003,-0.28985278896926125,-0.12446097204675334,1.1219399759585678,0,Rendah
Kamis,2026-07-09 10:48:00,1.2633333333333334,0.0,1.05,23.3,24.35,-0.13185749791319792,-0.12446097204675334,0.8560422335828444,0,Rendah
Kamis,2026-07-09 10:51:00,1.6766666666666665,11.1,0.809,16.5,17.309,0.4618217775701906,8.034647195462632,0.31180211612137115,1,Tinggi
Kamis,2026-07-09 10:54:00,1.4800000000000002,0.0,1.51,27.5,29.01,0.1793453481063206,-0.12446097204675334,1.2162409194755395,0,Rendah
Kamis,2026-07-09 10:57:00,1.21,0.0,0.871,19.3,20.171,-0.2084612753949257,-0.12446097204675334,0.5330228541095455,0,Rendah
Kamis,2026-07-09 11:00:00,0.874,0.0,0.884,19.6,20.484,-0.6910650735298095,-0.12446097204675334,0.5572164568315228,0,Rendah
Kamis,2026-07-09 11:03:00,0.9213333333333334,0.0,1.06,21.9,22.959999999999997,-0.6230792210147761,-0.12446097204675334,0.7486009946577699,0,Rendah
Kamis,2026-07-09 11:06:00,0.7996666666666666,0.0,1.27,24.2,25.47,-0.7978315883949674,-0.12446097204675334,0.9426135915656378,0,Rendah
Kamis,2026-07-09 11:09:00,0.7636666666666666,0.0,1.36,22.2,23.56,-0.8495391381951336,-0.12446097204675334,0.794978507862838,0,Rendah
Kamis,2026-07-09 11:12:00,1.837,0.0,1.26,24.6,25.860000000000003,0.6921118836246344,-0.12446097204675334,0.9727589751489324,2,Sedang
Kamis,2026-07-09 11:15:00,0.9723333333333333,0.0,1.31,25.9,27.209999999999997,-0.5498268587978743,-0.12446097204675334,1.077108379860335,0,Rendah
Kamis,2026-07-09 11:18:00,0.8833333333333333,0.0,1.41,29.4,30.81,-0.6776594124705072,-0.12446097204675334,1.3553734590907431,0,Rendah
Kamis,2026-07-09 11:21:00,0.9009999999999999,0.0,1.38,28.2,29.58,-0.652284411179685,-0.12446097204675334,1.260299557020354,0,Rendah
Kamis,2026-07-09 11:24:00,0.7723333333333334,0.0,1.3,23.6,24.900000000000002,-0.8370910243543526,-0.12446097204675334,0.8985549540208235,0,Rendah
Kamis,2026-07-09 11:27:00,0.7130000000000001,0.0,1.04,19.0,20.04,-0.9223127268027745,-0.12446097204675334,0.5228970970597723,0,Rendah
Kamis,2026-07-09 11:30:00,0.7256666666666667,0.0,0.83,17.6,18.43,-0.9041193296508644,-0.12446097204675334,0.39845076995950646,0,Rendah
Kamis,2026-07-09 11:33:00,0.961,0.0,0.957,21.2,22.157,-0.5661051615127414,-0.12446097204675334,0.6865324228183207,0,Rendah
Kamis,2026-07-09 11:36:00,1.0206666666666666,0.0,0.864,20.1,20.964000000000002,-0.4804046854550587,-0.12446097204675334,0.5943184673955773,0,Rendah
Kamis,2026-07-09 11:39:00,0.8576666666666667,0.0,1.61,27.0,28.61,-0.7145249803835886,-0.12446097204675334,1.1853225773388272,0,Rendah
Kamis,2026-07-09 11:42:00,0.9746666666666667,0.0,1.43,25.8,27.23,-0.5464754435330487,-0.12446097204675334,1.0786542969671709,0,Rendah
Kamis,2026-07-09 11:45:00,0.6376666666666667,0.0,0.81,18.1,18.91,-1.030515562495715,-0.12446097204675334,0.4355527805235609,0,Rendah
Kamis,2026-07-09 11:48:00,0.9039999999999999,0.0,0.84,18.6,19.44,-0.6479754486963378,-0.12446097204675334,0.4765195838547044,0,Rendah
Kamis,2026-07-09 11:51:00,0.931,0.0,0.966,19.4,20.366,-0.609194786346213,-0.12446097204675334,0.5480955459011926,0,Rendah
Kamis,2026-07-09 11:54:00,0.8890000000000001,0.0,1.13,20.3,21.43,-0.6695202611130735,-0.12446097204675334,0.6303383359848466,0,Rendah
Kamis,2026-07-09 11:57:00,0.9943333333333334,0.0,0.599,10.5,11.099,-0.5182278005866615,-0.12446097204675334,-0.16820514555108296,0,Rendah
Kamis,2026-07-09 12:00:00,0.9916666666666666,0.0,0.285,3.67,3.955,-0.5220579894607481,-0.12446097204675334,-0.7204067361127595,0,Rendah
Kamis,2026-07-09 12:03:00,1.2146666666666668,0.0,0.23,3.4,3.63,-0.20175844486527433,-0.12446097204675334,-0.745527889098838,0,Rendah
Kamis,2026-07-09 12:06:00,0.9786666666666667,0.0,0.26,3.82,4.08,-0.5407301602219191,-0.12446097204675334,-0.710744754195037,0,Rendah
Kamis,2026-07-09 12:09:00,0.8649999999999999,0.0,0.289,3.92,4.209,-0.7039919609798512,-0.12446097204675334,-0.7007735888559474,0,Rendah
Kamis,2026-07-09 12:12:00,0.8170000000000001,0.0,0.317,4.07,4.3870000000000005,-0.7729353607134059,-0.12446097204675334,-0.6870149266051105,0,Rendah
Kamis,2026-07-09 12:15:00,3.973333333333333,0.0,2.12,11.2,13.32,3.760571945377085,-0.12446097204675334,0.003468949163010506,2,Sedang
Kamis,2026-07-09 12:18:00,0.8346666666666667,0.0,0.626,4.17,4.796,-0.7475603594225836,-0.12446097204675334,-0.6554009217703225,0,Rendah
Kamis,2026-07-09 12:21:00,0.8140000000000001,0.0,3.99,3.76,7.75,-0.777244323196753,-0.12446097204675334,-0.4270689650907043,0,Rendah
Kamis,2026-07-09 12:24:00,0.767,0.0,0.506,7.49,7.996,-0.8447514021025255,-0.12446097204675334,-0.4080541846766264,0,Rendah
Kamis,2026-07-09 12:27:00,1.1093333333333335,0.0,0.218,3.47,3.688,-0.35305090539168626,-0.12446097204675334,-0.7410447294890148,0,Rendah
Kamis,2026-07-09 12:30:00,0.9406666666666667,0.0,0.473,6.97,7.443,-0.59531035167765,-0.12446097204675334,-0.45079879268063083,0,Rendah
Kamis,2026-07-09 12:33:00,0.9196666666666666,0.0,0.312,4.29,4.602,-0.6254730890610803,-0.12446097204675334,-0.6703963177066279,0,Rendah
Kamis,2026-07-09 12:36:00,1.0016666666666667,0.0,0.559,8.44,8.998999999999999,-0.507694781182924,-0.12446097204675334,-0.3305264417688212,0,Rendah
Kamis,2026-07-09 12:39:00,1.2723333333333333,0.0,0.683,9.43,10.113,-0.11893061046315655,-0.12446097204675334,-0.24441885891807813,0,Rendah
Kamis,2026-07-09 12:42:00,0.73,0.0,0.457,7.63,8.087,-0.8978952727304741,-0.12446097204675334,-0.4010202618405245,0,Rendah
Kamis,2026-07-09 12:45:00,1.086,0.0,0.209,3.87,4.079,-0.38656505803994223,-0.12446097204675334,-0.7108220500503789,0,Rendah
Kamis,2026-07-09 12:48:00,1.937,0.0,0.23,3.67,3.9,0.8357439664028737,-0.12446097204675334,-0.7246580081565575,0,Rendah
Kamis,2026-07-09 12:51:00,0.8523333333333333,0.0,0.234,3.93,4.164000000000001,-0.7221853581317614,-0.12446097204675334,-0.7042519023463276,0,Rendah
Kamis,2026-07-09 12:54:00,0.8716666666666667,0.0,0.22,3.62,3.8400000000000003,-0.694416488794635,-0.12446097204675334,-0.7292957594770643,0,Rendah
Kamis,2026-07-09 12:57:00,1.0570000000000002,0.0,0.242,3.58,3.822,-0.42821836204563146,-0.12446097204675334,-0.7306870848732162,0,Rendah
Kamis,2026-07-09 13:00:00,0.9209999999999999,0.0,0.18,3.38,3.56,-0.6235579946240372,-0.12446097204675334,-0.7509385989727626,0,Rendah
Kamis,2026-07-09 13:03:00,0.9406666666666667,0.0,0.253,3.67,3.923,-0.59531035167765,-0.12446097204675334,-0.7228802034836965,0,Rendah
Kamis,2026-07-09 13:06:00,0.8343333333333334,0.0,3.0,5.05,8.05,-0.7480391330318443,-0.12446097204675334,-0.40388020848817024,0,Rendah
Kamis,2026-07-09 13:09:00,0.9293333333333335,0.0,0.446,3.96,4.406,-0.611588654392517,-0.12446097204675334,-0.6855463053536167,0,Rendah
Kamis,2026-07-09 13:12:00,1.088,0.0,1.94,18.4,20.34,-0.3836924163843774,-0.12446097204675334,0.5460858536623063,0,Rendah
Kamis,2026-07-09 13:15:00,0.9853333333333333,0.0,3.43,17.0,20.43,-0.5311546880367032,-0.12446097204675334,0.5530424806430665,0,Rendah
Kamis,2026-07-09 13:18:00,0.8140000000000001,0.0,3.53,17.1,20.630000000000003,-0.777244323196753,-0.12446097204675334,0.5685016517114228,0,Rendah
Kamis,2026-07-09 13:21:00,0.9483333333333333,0.0,3.88,17.1,20.98,-0.5842985586646517,-0.12446097204675334,0.5955552010810456,0,Rendah
Kamis,2026-07-09 13:24:00,1.1703333333333334,0.0,3.49,17.4,20.89,-0.26543533489696036,-0.12446097204675334,0.5885985741002854,0,Rendah
Kamis,2026-07-09 13:27:00,0.9183333333333333,0.0,3.42,18.4,21.82,-0.6273881834981234,-0.12446097204675334,0.6604837195681408,0,Rendah
Kamis,2026-07-09 13:30:00,1.9956666666666667,0.0,3.03,17.7,20.73,0.920008121632774,-0.12446097204675334,0.5762312372456005,0,Rendah
Kamis,2026-07-09 13:33:00,0.8733333333333334,0.0,2.76,17.8,20.560000000000002,-0.692022620748331,-0.12446097204675334,0.5630909418374981,0,Rendah
Kamis,2026-07-09 13:36:00,0.709,0.0,2.47,16.5,18.97,-0.9280580101139043,-0.12446097204675334,0.4401905318440676,0,Rendah
Kamis,2026-07-09 13:39:00,0.5233333333333333,0.0,2.96,22.6,25.560000000000002,-1.1947349104721685,-0.12446097204675334,0.9495702185463983,0,Rendah
Kamis,2026-07-09 13:42:00,0.9323333333333333,0.0,2.7,17.0,19.7,-0.60727969190917,-0.12446097204675334,0.49661650624356707,0,Rendah
Kamis,2026-07-09 13:45:00,1.165,0.0,2.91,12.6,15.51,-0.27309571264513327,-0.12446097204675334,0.17274687236150876,0,Rendah
Kamis,2026-07-09 13:48:00,0.9056666666666667,0.0,3.02,13.1,16.12,-0.6455815806500337,-0.12446097204675334,0.21989734411999468,0,Rendah
Kamis,2026-07-09 13:51:00,0.969,0.0,2.4,14.5,16.9,-0.5546145948904823,-0.12446097204675334,0.2801881112865829,0,Rendah
Kamis,2026-07-09 13:54:00,0.8763333333333333,0.0,3.01,15.9,18.91,-0.687713658264984,-0.12446097204675334,0.4355527805235609,0,Rendah
Kamis,2026-07-09 13:57:00,1.1033333333333333,0.0,3.09,18.0,21.09,-0.36166883035838093,-0.12446097204675334,0.6040577451686414,0,Rendah
Kamis,2026-07-09 14:00:00,1.1900000000000002,0.0,3.37,16.0,19.37,-0.23718769195057327,-0.12446097204675334,0.4711088739807798,0,Rendah
Kamis,2026-07-09 14:03:00,1.045,0.0,2.73,15.8,18.53,-0.4454542119790205,-0.12446097204675334,0.4061803554936846,0,Rendah
Kamis,2026-07-09 14:06:00,0.9546666666666667,0.0,2.86,19.9,22.759999999999998,-0.5752018600886966,-0.12446097204675334,0.7331418235894139,0,Rendah
Kamis,2026-07-09 14:09:00,1.864,0.0,3.48,17.0,20.48,0.7308925459747592,-0.12446097204675334,0.5569072734101556,0,Rendah
Kamis,2026-07-09 14:12:00,2.0386666666666664,0.0,2.41,12.3,14.71,0.9817699172274165,-0.12446097204675334,0.1109101880880848,0,Rendah
Kamis,2026-07-09 14:15:00,0.851,0.0,3.31,12.8,16.11,-0.7241004525688046,-0.12446097204675334,0.21912438556657673,0,Rendah
Kamis,2026-07-09 14:18:00,1.034,0.0,1.78,13.0,14.78,-0.4612537410846267,-0.12446097204675334,0.11632089796200928,0,Rendah
Kamis,2026-07-09 14:21:00,0.785,0.0,0.915,10.5,11.415,-0.8188976272024424,-0.12446097204675334,-0.14377965526308056,0,Rendah
Kamis,2026-07-09 14:24:00,1.1313333333333333,0.0,1.35,14.0,15.35,-0.3214518471804739,-0.12446097204675334,0.16037953550682393,0,Rendah
Kamis,2026-07-09 14:27:00,0.7993333333333333,0.0,2.02,13.2,15.219999999999999,-0.7983103620042281,-0.12446097204675334,0.15033107431239248,0,Rendah
Kamis,2026-07-09 14:30:00,1.137,0.0,2.83,12.6,15.43,-0.3133126958230403,-0.12446097204675334,0.16656320393416635,0,Rendah
Kamis,2026-07-09 14:33:00,1.0196666666666667,0.0,1.38,12.1,13.48,-0.48184100628284093,-0.12446097204675334,0.015836286017695322,0,Rendah
Kamis,2026-07-09 14:36:00,0.7483333333333334,0.0,0.704,13.9,14.604000000000001,-0.87156272422113,-0.12446097204675334,0.10271682742185613,0,Rendah
Kamis,2026-07-09 14:39:00,3.3729999999999998,11.1,0.771,16.4,17.171,2.898300675098389,8.034647195462632,0.30113528808420537,1,Tinggi
Kamis,2026-07-09 14:42:00,1.1533333333333333,0.0,2.01,19.9,21.909999999999997,-0.28985278896926125,-0.12446097204675334,0.6674403465489007,0,Rendah
Kamis,2026-07-09 14:45:00,3.4316666666666666,0.0,1.36,15.0,16.36,2.9825648303282897,-0.12446097204675334,0.23844834940202175,2,Sedang
Kamis,2026-07-09 14:48:00,1.9633333333333332,0.0,0.721,15.5,16.221,0.8735670815344764,-0.12446097204675334,0.22770422550951439,0,Rendah
Kamis,2026-07-09 14:51:00,1.8463333333333332,0.0,0.697,16.4,17.096999999999998,0.7055175446839365,-0.12446097204675334,0.2954153947889135,0,Rendah
Kamis,2026-07-09 14:54:00,1.9923333333333335,0.0,1.63,18.1,19.73,0.9152203855401663,-0.12446097204675334,0.4989353819038206,0,Rendah
Kamis,2026-07-09 14:57:00,1.0466666666666666,11.1,1.03,20.8,21.830000000000002,-0.4430603439327165,8.034647195462632,0.6612566781215587,1,Tinggi
Kamis,2026-07-09 15:00:00,1.3196666666666665,0.0,2.95,14.9,17.85,-0.05094475794812346,-0.12446097204675334,0.35361917386127417,0,Rendah
Kamis,2026-07-09 15:03:00,2.1213333333333333,0.0,0.795,18.4,19.195,1.1005057723240945,-0.12446097204675334,0.4575820992959682,0,Rendah
Kamis,2026-07-09 15:06:00,2.5829999999999997,0.0,1.32,18.5,19.82,1.7636072211502989,-0.12446097204675334,0.5058920088845807,2,Sedang
Kamis,2026-07-09 15:09:00,1.6453333333333333,0.0,1.46,18.5,19.96,0.41681705829967586,-0.12446097204675334,0.51671342863243,0,Rendah
Kamis,2026-07-09 15:12:00,0.828,0.0,0.771,16.7,17.471,-0.7571358316077996,-0.12446097204675334,0.3243240446867394,0,Rendah
Kamis,2026-07-09 15:15:00,1.5273333333333332,11.1,1.06,18.6,19.66,0.24733120062135336,8.034647195462632,0.4935246720298959,1,Tinggi
Kamis,2026-07-09 15:18:00,2.793333333333333,0.0,1.19,24.1,25.290000000000003,2.065713368593862,-0.12446097204675334,0.9287003376041177,2,Sedang
Kamis,2026-07-09 15:21:00,3.0966666666666662,0.0,1.21,22.3,23.51,2.5013973530211873,-0.12446097204675334,0.7911137150957492,2,Sedang
Kamis,2026-07-09 15:24:00,1.3746666666666665,0.0,0.972,19.2,20.172,0.028052887579908037,-0.12446097204675334,0.5331001499648873,0,Rendah
Kamis,2026-07-09 15:27:00,2.2176666666666667,0.0,1.16,19.1,20.26,1.2388713454004652,-0.12446097204675334,0.539902185234964,2,Sedang
Kamis,2026-07-09 15:30:00,2.5533333333333332,0.0,3.05,17.6,20.650000000000002,1.720996369926088,-0.12446097204675334,0.5700475688182584,2,Sedang
Kamis,2026-07-09 15:33:00,1.5056666666666665,0.0,10.1,17.6,27.700000000000003,0.21621091601940146,-0.12446097204675334,1.1149833489778076,0,Rendah
Kamis,2026-07-09 15:36:00,0.7776666666666667,0.0,9.06,19.0,28.060000000000002,-0.8294306466061799,-0.12446097204675334,1.1428098569008485,0,Rendah
Kamis,2026-07-09 15:39:00,0.707,0.0,0.828,20.5,21.328,-0.9309306517694691,-0.12446097204675334,0.622454158739985,0,Rendah
Kamis,2026-07-09 15:42:00,1.8019999999999998,0.0,0.838,15.6,16.438,0.6418406546522504,-0.12446097204675334,0.24447742611868056,0,Rendah
Kamis,2026-07-09 15:45:00,3.7433333333333336,0.0,0.804,17.5,18.304,3.4302181549871356,-0.12446097204675334,0.3887114921864421,2,Sedang
Kamis,2026-07-09 15:48:00,1.6713333333333333,0.0,1.13,22.0,23.13,0.4541613998220181,-0.12446097204675334,0.7617412900658725,0,Rendah
Kamis,2026-07-09 15:51:00,5.383333333333333,11.1,0.846,15.7,16.546,5.785784312550257,8.034647195462632,0.25282537849559283,1,Tinggi
Kamis,2026-07-09 15:54:00,1.4653333333333334,11.1,1.34,14.8,16.14,0.1582793092988453,8.034647195462632,0.22144326122683022,1,Tinggi
Kamis,2026-07-09 15:57:00,1.9233333333333331,0.0,0.828,11.5,12.328,0.8161142484231807,-0.12446097204675334,-0.07320853933603536,0,Rendah
